Date,Close/Last,Volume,Open,High,Low
11/29/2024,$14.52,9503512,$14.675,$14.7394,$14.50
11/27/2024,$14.64,14433870,$14.68,$14.75,$14.46
11/26/2024,$14.64,21625340,$14.79,$15.01,$14.605
11/25/2024,$14.92,31551810,$14.65,$15.125,$14.555
11/22/2024,$14.38,20237020,$14.22,$14.44,$14.085
11/21/2024,$14.20,20758560,$14.47,$14.575,$14.175
11/20/2024,$14.46,25407060,$14.18,$14.49,$14.00
11/19/2024,$14.33,25329910,$13.93,$14.40,$13.84
11/18/2024,$14.29,18771090,$14.39,$14.435,$14.03
11/15/2024,$14.39,22756500,$14.22,$14.40,$14.05
11/14/2024,$14.26,33149230,$14.22,$14.665,$14.175
11/13/2024,$14.01,30234710,$14.05,$14.55,$13.97
11/12/2024,$13.91,20437610,$13.975,$14.08,$13.73
11/11/2024,$14.16,22833300,$13.95,$14.16,$13.891
11/08/2024,$13.81,20259220,$13.69,$14.03,$13.67
11/07/2024,$13.62,19654580,$13.94,$14.00,$13.60
11/06/2024,$14.00,38602640,$14.01,$14.17,$13.795
11/05/2024,$13.19,19112850,$12.95,$13.22,$12.92
11/04/2024,$12.99,25654130,$13.50,$13.50,$12.96
11/01/2024,$13.54,22838330,$13.47,$13.66,$13.40
10/31/2024,$13.40,26340880,$13.79,$13.89,$13.38
10/30/2024,$13.94,22463480,$13.655,$13.99,$13.61
10/29/2024,$13.82,28711490,$13.38,$13.86,$13.28
10/28/2024,$13.60,37079190,$13.66,$13.85,$13.56
10/25/2024,$13.15,44350760,$12.94,$13.44,$12.75
10/24/2024,$12.78,65532890,$13.18,$13.63,$12.415
10/23/2024,$12.83,30252700,$12.85,$13.04,$12.66
10/22/2024,$12.96,24163080,$12.93,$13.03,$12.615
10/21/2024,$12.97,27952580,$12.98,$13.10,$12.775
10/18/2024,$13.09,38307270,$12.86,$13.24,$12.76
10/17/2024,$12.81,30152400,$12.865,$12.97,$12.67
10/16/2024,$12.89,53137610,$12.19,$12.92,$12.14
10/15/2024,$12.03,36494710,$12.12,$12.47,$12.00
10/14/2024,$11.87,20610480,$11.85,$11.9476,$11.70
10/11/2024,$11.79,17697970,$11.72,$11.82,$11.53
10/10/2024,$11.76,26494580,$11.77,$12.00,$11.65
10/09/2024,$11.93,34210670,$12.01,$12.25,$11.8732
10/08/2024,$11.92,44740030,$11.65,$12.12,$11.63
10/07/2024,$11.53,27611000,$11.55,$11.6785,$11.373
10/04/2024,$11.51,53747480,$11.36,$11.97,$11.29
10/03/2024,$10.82,32925550,$10.69,$10.94,$10.565
10/02/2024,$10.74,28779650,$10.73,$10.86,$10.605
10/01/2024,$10.90,42847420,$11.27,$11.33,$10.82
09/30/2024,$11.24,26735890,$11.47,$11.58,$11.20
09/27/2024,$11.56,30783830,$11.82,$11.86,$11.56
09/26/2024,$11.79,62353460,$11.36,$11.98,$11.35
09/25/2024,$11.00,29157140,$11.06,$11.175,$10.97
09/24/2024,$11.04,29446480,$11.02,$11.19,$10.92
09/23/2024,$10.98,30785060,$11.00,$11.03,$10.76
09/20/2024,$11.01,165832100,$11.07,$11.12,$10.88
09/19/2024,$11.11,34544390,$11.32,$11.39,$11.06
09/18/2024,$11.03,37396520,$11.24,$11.285,$10.92
09/17/2024,$11.17,38180030,$10.99,$11.26,$10.95
09/16/2024,$10.81,31026820,$10.649,$10.87,$10.62
09/13/2024,$10.69,36956040,$10.98,$11.18,$10.61
09/12/2024,$10.88,37878400,$11.03,$11.135,$10.43
09/11/2024,$10.77,40526830,$10.95,$11.01,$10.485
09/10/2024,$10.99,31767720,$11.21,$11.25,$10.87
09/09/2024,$11.22,44496160,$10.85,$11.225,$10.85
09/06/2024,$10.80,27842830,$10.78,$11.10,$10.70
09/05/2024,$10.80,38467280,$10.84,$11.16,$10.75
09/04/2024,$10.63,22112960,$10.53,$10.78,$10.5035
09/03/2024,$10.60,23374790,$10.52,$10.74,$10.495
08/30/2024,$10.62,26521350,$10.49,$10.89,$10.48
08/29/2024,$10.39,22240130,$10.24,$10.51,$10.21
08/28/2024,$10.15,20533790,$10.17,$10.21,$10.04
08/27/2024,$10.17,23303070,$10.26,$10.27,$9.98
08/26/2024,$10.21,21028270,$10.43,$10.445,$10.20
08/23/2024,$10.39,24640040,$10.23,$10.50,$10.17
08/22/2024,$10.14,25624750,$10.41,$10.54,$10.13
08/21/2024,$10.40,20233670,$10.37,$10.445,$10.30
08/20/2024,$10.29,23537370,$10.31,$10.45,$10.21
08/19/2024,$10.31,30380140,$10.155,$10.38,$10.115
08/16/2024,$10.05,35389740,$10.02,$10.14,$9.97
08/15/2024,$10.09,32307260,$9.96,$10.16,$9.95
08/14/2024,$9.74,29574720,$9.88,$9.97,$9.70
08/13/2024,$9.81,29921950,$9.64,$9.82,$9.555
08/12/2024,$9.61,29791190,$9.79,$9.80,$9.59
08/09/2024,$9.86,22614760,$9.89,$9.96,$9.72
08/08/2024,$9.89,34701760,$9.35,$9.91,$9.35
08/07/2024,$9.26,29020910,$9.40,$9.52,$9.21
08/06/2024,$9.31,28905920,$9.46,$9.53,$9.22
08/05/2024,$9.28,44554500,$9.10,$9.59,$9.07
08/02/2024,$9.63,48427170,$9.93,$9.93,$9.59
08/01/2024,$10.14,47149620,$10.65,$10.68,$10.09
07/31/2024,$10.64,39205400,$10.65,$11.03,$10.58
07/30/2024,$10.76,52969480,$10.46,$10.93,$10.46
07/29/2024,$10.43,30164470,$10.56,$10.72,$10.37
07/26/2024,$10.62,45684500,$10.70,$10.755,$10.2147
07/25/2024,$10.60,96280850,$9.92,$10.90,$9.755
07/24/2024,$10.17,47312030,$10.45,$10.54,$10.12
07/23/2024,$10.48,30548010,$10.63,$10.74,$10.47
07/22/2024,$10.69,38897190,$10.49,$10.74,$10.35
07/19/2024,$10.58,25697310,$10.63,$10.65,$10.43
07/18/2024,$10.62,46855150,$10.96,$11.09,$10.61
07/17/2024,$11.01,32356210,$10.99,$11.11,$10.835
07/16/2024,$11.19,48708680,$10.65,$11.24,$10.65
07/15/2024,$10.63,28634170,$10.67,$10.77,$10.56
07/12/2024,$10.68,33133080,$10.71,$10.80,$10.57
07/11/2024,$10.73,80291530,$10.68,$10.76,$10.34
07/10/2024,$11.15,28502020,$11.04,$11.22,$10.994
07/09/2024,$10.98,26604770,$10.96,$11.09,$10.87
07/08/2024,$10.93,32261690,$11.08,$11.13,$10.91
07/05/2024,$11.04,24396040,$11.13,$11.19,$10.98
07/03/2024,$11.12,16150150,$11.16,$11.22,$11.07
07/02/2024,$11.05,22487900,$11.06,$11.11,$10.95
07/01/2024,$11.04,28624270,$11.33,$11.41,$11.00
06/28/2024,$11.33,28121100,$11.24,$11.36,$11.20
06/27/2024,$11.28,23780790,$11.12,$11.32,$11.02
06/26/2024,$11.12,39848720,$11.05,$11.33,$10.96
06/25/2024,$11.13,28547270,$11.18,$11.365,$11.12
06/24/2024,$11.16,25666440,$11.22,$11.34,$11.15
06/21/2024,$11.20,28098080,$11.215,$11.34,$11.11
06/20/2024,$11.24,21364430,$11.30,$11.31,$11.19
06/18/2024,$11.28,18841480,$11.41,$11.50,$11.27
06/17/2024,$11.44,30074130,$11.22,$11.4887,$11.21
06/14/2024,$11.28,42272470,$11.32,$11.36,$11.09
06/13/2024,$11.44,33289950,$11.45,$11.47,$11.22
06/12/2024,$11.50,40769750,$11.40,$11.685,$11.39
06/11/2024,$11.28,25439680,$11.41,$11.45,$11.26
06/10/2024,$11.49,23421040,$11.43,$11.57,$11.37
06/07/2024,$11.50,29411430,$11.36,$11.565,$11.35
06/06/2024,$11.43,35840570,$11.58,$11.73,$11.315
06/05/2024,$11.62,34340910,$11.51,$11.765,$11.45
06/04/2024,$11.50,39161530,$11.54,$11.79,$11.48
06/03/2024,$11.53,52899040,$11.60,$11.945,$11.50
05/31/2024,$11.50,60868410,$11.51,$11.57,$11.25
05/30/2024,$11.44,57004640,$11.76,$11.78,$11.385
05/29/2024,$11.62,158980400,$12.16,$12.17,$11.31
05/28/2024,$13.44,32710290,$13.85,$13.905,$13.42
05/24/2024,$13.84,19605630,$13.87,$14.03,$13.66
05/23/2024,$13.82,29089850,$14.13,$14.135,$13.72
05/22/2024,$14.10,19136430,$14.07,$14.25,$14.01
05/21/2024,$14.03,22692860,$14.43,$14.489,$14.01
05/20/2024,$14.52,26818850,$14.77,$14.775,$14.415
05/17/2024,$14.73,18472060,$14.85,$14.99,$14.72
05/16/2024,$14.79,22652520,$15.00,$15.08,$14.66
05/15/2024,$14.94,25983630,$15.20,$15.25,$14.9101
05/14/2024,$15.19,27970450,$15.09,$15.36,$15.07
05/13/2024,$14.93,33380050,$14.54,$15.07,$14.52
05/10/2024,$14.40,16180650,$14.54,$14.61,$14.32
05/09/2024,$14.48,23590230,$14.36,$14.63,$14.32
05/08/2024,$14.42,22832370,$14.255,$14.52,$14.18
05/07/2024,$14.25,25770490,$14.54,$14.625,$14.1399
05/06/2024,$14.65,46744350,$13.92,$14.75,$13.92
05/03/2024,$13.85,22056620,$14.00,$14.07,$13.72
05/02/2024,$13.86,24191510,$13.78,$13.90,$13.69
05/01/2024,$13.58,28428270,$13.50,$13.81,$13.33
04/30/2024,$13.51,25788920,$13.85,$13.93,$13.50
04/29/2024,$13.98,28817430,$13.85,$14.02,$13.73
04/26/2024,$13.88,36527840,$14.07,$14.09,$13.635
04/25/2024,$14.13,58362950,$14.21,$14.28,$13.45
04/24/2024,$13.92,41035100,$14.22,$14.33,$13.82
04/23/2024,$14.23,40237310,$13.962,$14.4399,$13.88
04/22/2024,$14.53,27763770,$14.28,$14.68,$14.18
04/19/2024,$14.11,27447600,$13.88,$14.275,$13.86
04/18/2024,$14.02,34966390,$14.04,$14.34,$13.96
04/17/2024,$13.89,52414790,$13.45,$13.97,$13.38
04/16/2024,$13.03,26477190,$12.945,$13.14,$12.72
04/15/2024,$12.94,27451670,$13.28,$13.47,$12.90
04/12/2024,$13.15,35571100,$13.24,$13.2988,$13.02
04/11/2024,$13.62,27814220,$13.44,$13.72,$13.304
04/10/2024,$13.41,49024130,$14.01,$14.145,$13.30
04/09/2024,$13.95,27841940,$13.96,$14.065,$13.88
04/08/2024,$13.90,28521010,$13.82,$14.08,$13.74
04/05/2024,$13.76,30632130,$13.83,$13.94,$13.70
04/04/2024,$13.83,47483610,$14.24,$14.35,$13.76
04/03/2024,$14.16,33357730,$14.30,$14.479,$14.05
04/02/2024,$14.40,34155380,$15.062,$15.11,$14.36
04/01/2024,$15.41,23249620,$15.42,$15.61,$15.3205
03/28/2024,$15.35,36396040,$15.28,$15.495,$15.125
03/27/2024,$15.30,24789340,$15.00,$15.30,$14.90
03/26/2024,$14.92,20898510,$14.99,$15.12,$14.90
03/25/2024,$14.92,21392360,$14.69,$14.93,$14.6299
03/22/2024,$14.82,16151690,$14.71,$14.88,$14.645
03/21/2024,$14.78,25527560,$14.62,$14.815,$14.60
03/20/2024,$14.57,33974560,$13.96,$14.58,$13.92
03/19/2024,$13.93,19305790,$14.08,$14.11,$13.90
03/18/2024,$14.11,23693800,$13.98,$14.17,$13.86
03/15/2024,$13.96,21114000,$13.96,$14.16,$13.88
03/14/2024,$13.99,24683840,$13.96,$14.03,$13.78
03/13/2024,$14.00,26375200,$13.92,$14.18,$13.86
03/12/2024,$13.96,48594880,$14.19,$14.38,$13.80
03/11/2024,$14.65,23617160,$14.60,$14.67,$14.42
03/08/2024,$14.68,28464450,$14.94,$15.1482,$14.66
03/07/2024,$14.90,23657350,$14.85,$15.00,$14.81
03/06/2024,$14.88,31408710,$14.80,$14.98,$14.62
03/05/2024,$14.67,43648030,$14.75,$14.7657,$14.29
03/04/2024,$14.81,65053050,$15.70,$16.15,$14.81
03/01/2024,$15.66,25751940,$15.695,$15.695,$15.374
02/29/2024,$15.68,33255940,$15.55,$15.79,$15.45
02/28/2024,$15.46,18194560,$15.36,$15.58,$15.31
02/27/2024,$15.54,25223370,$15.545,$15.669,$15.38
02/26/2024,$15.28,23675760,$15.13,$15.48,$15.13
02/23/2024,$15.13,22914860,$15.15,$15.29,$14.95
02/22/2024,$15.24,35702480,$14.935,$15.28,$14.89
02/21/2024,$14.79,23032390,$14.59,$14.86,$14.565
02/20/2024,$14.70,30253070,$14.50,$14.95,$14.49
02/16/2024,$14.64,21563210,$14.73,$14.89,$14.524
02/15/2024,$14.90,25314620,$15.02,$15.145,$14.84
02/14/2024,$14.86,28226950,$14.74,$14.97,$14.68
02/13/2024,$14.61,35285670,$14.69,$14.87,$14.41
02/12/2024,$14.93,27722310,$14.80,$15.10,$14.775
02/09/2024,$14.88,26960670,$15.03,$15.18,$14.71
02/08/2024,$14.95,28024320,$14.98,$14.99,$14.605
02/07/2024,$14.91,31178210,$14.92,$15.03,$14.7101
02/06/2024,$14.90,33592450,$14.24,$14.95,$14.20
02/05/2024,$14.26,25289600,$14.36,$14.39,$14.11
02/02/2024,$14.56,33135660,$14.18,$14.67,$14.135
02/01/2024,$14.34,39247220,$14.35,$14.3999,$13.8727
01/31/2024,$14.23,31538760,$14.49,$14.61,$14.21
01/30/2024,$14.53,24943070,$14.79,$14.8793,$14.53
01/29/2024,$14.94,36835260,$15.37,$15.39,$14.86
01/26/2024,$15.13,45618620,$15.55,$15.84,$15.00
01/25/2024,$15.36,96168340,$14.59,$15.46,$14.52
01/24/2024,$13.93,42219620,$14.16,$14.18,$13.8501
01/23/2024,$14.00,49961920,$14.135,$14.4701,$13.93
01/22/2024,$13.62,38029500,$13.96,$14.08,$13.54
01/19/2024,$13.66,38805460,$13.83,$13.83,$13.41
01/18/2024,$13.82,58528150,$13.06,$13.865,$13.01
01/17/2024,$12.93,36991540,$12.96,$13.21,$12.87
01/16/2024,$13.19,55891510,$13.08,$13.20,$12.78
01/12/2024,$13.21,80523100,$13.93,$13.98,$13.19
01/11/2024,$14.59,33047690,$14.48,$14.63,$14.24
01/10/2024,$14.35,29831220,$14.34,$14.41,$14.20
01/09/2024,$14.38,35790720,$14.51,$14.63,$14.36
01/08/2024,$14.58,61134070,$14.025,$14.67,$14.02
01/05/2024,$13.60,37541710,$13.05,$13.67,$13.01
01/04/2024,$13.09,29105780,$13.01,$13.25,$12.95
01/03/2024,$12.95,41757730,$13.15,$13.17,$12.89
01/02/2024,$13.44,34607460,$13.645,$13.72,$13.39
12/29/2023,$13.74,24308320,$13.95,$13.97,$13.69
12/28/2023,$13.98,17093440,$13.92,$14.04,$13.8202
12/27/2023,$13.99,23428530,$14.10,$14.18,$13.91
12/26/2023,$14.11,22157900,$14.25,$14.26,$14.04
12/22/2023,$14.31,25183560,$14.38,$14.40,$14.21
12/21/2023,$14.35,30372590,$14.21,$14.43,$14.20
12/20/2023,$13.98,26557530,$14.20,$14.39,$13.95
12/19/2023,$14.30,22574320,$14.38,$14.45,$14.28
12/18/2023,$14.24,28471670,$14.43,$14.43,$14.06
12/15/2023,$14.49,34742380,$14.63,$14.67,$14.41
12/14/2023,$14.59,42803870,$14.30,$14.65,$14.27
12/13/2023,$14.09,39046270,$13.88,$14.15,$13.64
12/12/2023,$14.04,34298780,$13.81,$14.18,$13.80
12/11/2023,$13.72,28383690,$13.755,$13.79,$13.61
12/08/2023,$13.76,30196930,$13.87,$13.98,$13.71
12/07/2023,$13.91,49511660,$13.69,$14.15,$13.68
12/06/2023,$13.48,51354260,$13.36,$13.74,$13.34
12/05/2023,$13.13,40142400,$13.22,$13.29,$13.005
12/04/2023,$13.35,50756380,$13.03,$13.49,$12.93
12/01/2023,$13.02,48885260,$12.46,$13.06,$12.44
11/30/2023,$12.43,34595630,$12.33,$12.47,$12.08
11/29/2023,$12.23,31763230,$12.27,$12.5573,$12.23
11/28/2023,$12.17,33964630,$12.19,$12.26,$11.95
11/27/2023,$12.18,27427570,$12.25,$12.308,$12.075
11/24/2023,$12.31,14803750,$12.39,$12.48,$12.25
11/22/2023,$12.31,41107930,$12.37,$12.765,$12.17
11/21/2023,$12.13,24497670,$12.30,$12.33,$12.05
11/20/2023,$12.40,23898800,$12.23,$12.45,$12.17
11/17/2023,$12.29,25722600,$12.27,$12.3075,$12.14
11/16/2023,$12.19,34506610,$12.42,$12.60,$12.16
11/15/2023,$12.42,37557770,$12.35,$12.72,$12.35
11/14/2023,$12.25,35529820,$12.15,$12.30,$12.04
11/13/2023,$11.78,20147730,$11.70,$11.89,$11.6207
11/10/2023,$11.80,31082080,$11.67,$11.85,$11.51
11/09/2023,$11.75,37774490,$12.16,$12.235,$11.6736
11/08/2023,$12.01,40867800,$11.86,$12.27,$11.845
11/07/2023,$11.75,27819600,$11.72,$11.84,$11.61
11/06/2023,$11.66,33159510,$12.06,$12.10,$11.54
11/03/2023,$11.98,52932820,$11.63,$12.08,$11.62
11/02/2023,$11.40,29763650,$11.35,$11.47,$11.28
11/01/2023,$11.14,30449530,$11.11,$11.215,$10.98
10/31/2023,$11.15,42086220,$11.105,$11.16,$10.86
10/30/2023,$11.18,38208460,$11.01,$11.24,$11.00
10/27/2023,$10.92,39890720,$11.18,$11.23,$10.88
10/26/2023,$11.15,40009490,$11.05,$11.25,$10.969
10/25/2023,$11.04,40461770,$11.12,$11.235,$11.04
10/24/2023,$11.21,39302820,$11.36,$11.43,$11.0935
10/23/2023,$11.29,45680290,$11.02,$11.41,$10.94
10/20/2023,$11.08,50037680,$11.40,$11.43,$11.04
10/19/2023,$11.45,63900470,$11.35,$12.01,$11.35
10/18/2023,$11.36,67141480,$11.74,$11.74,$11.22
10/17/2023,$11.94,35207280,$11.88,$12.10,$11.88
10/16/2023,$11.94,35242590,$11.82,$12.05,$11.72
10/13/2023,$11.72,48141300,$11.87,$12.04,$11.68
10/12/2023,$12.06,50281180,$12.60,$12.62,$11.93
10/11/2023,$12.48,35569130,$12.32,$12.68,$12.28
10/10/2023,$12.26,37144210,$12.40,$12.65,$12.24
10/09/2023,$12.24,51462740,$12.37,$12.37,$11.94
10/06/2023,$12.76,31865440,$12.80,$13.00,$12.67
10/05/2023,$12.85,36272880,$12.91,$13.01,$12.72
10/04/2023,$12.73,49738090,$12.40,$12.82,$12.34
10/03/2023,$12.29,40692260,$12.65,$12.705,$12.25
10/02/2023,$12.75,38342690,$12.84,$13.10,$12.68
09/29/2023,$12.81,33999290,$13.02,$13.065,$12.65
09/28/2023,$12.92,35234220,$12.60,$13.09,$12.56
09/27/2023,$12.61,29983260,$12.74,$12.83,$12.50
09/26/2023,$12.70,25467740,$12.83,$13.04,$12.69
09/25/2023,$12.91,24618760,$12.805,$12.98,$12.71
09/22/2023,$12.90,24670920,$13.09,$13.16,$12.86
09/21/2023,$13.06,24978110,$12.95,$13.27,$12.93
09/20/2023,$13.06,27822800,$13.32,$13.47,$13.045
09/19/2023,$13.19,25325010,$13.08,$13.3499,$13.0528
09/18/2023,$13.11,21613930,$13.24,$13.265,$13.08
09/15/2023,$13.31,25018520,$13.22,$13.45,$13.21
09/14/2023,$13.26,31461310,$13.44,$13.465,$13.15
09/13/2023,$13.31,58835980,$13.50,$13.73,$13.20
09/12/2023,$14.11,20754980,$14.19,$14.29,$14.08
09/11/2023,$14.09,20957890,$14.02,$14.185,$13.935
09/08/2023,$13.98,17159010,$14.00,$14.13,$13.91
09/07/2023,$14.00,24678280,$14.25,$14.26,$13.92
09/06/2023,$14.33,25490000,$14.265,$14.75,$14.24
09/05/2023,$14.30,25690380,$14.53,$14.53,$14.115
09/01/2023,$14.68,14755520,$14.80,$14.84,$14.59
08/31/2023,$14.73,13994480,$14.89,$14.915,$14.68
08/30/2023,$14.77,19981090,$14.93,$14.95,$14.76
08/29/2023,$14.90,22186450,$14.74,$14.99,$14.69
08/28/2023,$14.73,19455170,$14.66,$14.825,$14.57
08/25/2023,$14.58,15560760,$14.65,$14.71,$14.42
08/24/2023,$14.57,23360530,$14.66,$14.7552,$14.46
08/23/2023,$14.78,18599710,$14.78,$14.92,$14.57
08/22/2023,$14.83,25084460,$15.30,$15.325,$14.815
08/21/2023,$15.16,23656300,$15.06,$15.20,$14.95
08/18/2023,$15.04,20819500,$14.83,$15.145,$14.80
08/17/2023,$15.05,22240820,$15.44,$15.46,$15.01
08/16/2023,$15.44,20012010,$15.58,$15.835,$15.39
08/15/2023,$15.55,20041520,$15.71,$15.78,$15.51
08/14/2023,$15.88,23646590,$15.57,$15.88,$15.46
08/11/2023,$15.65,16065930,$15.66,$15.75,$15.56
08/10/2023,$15.76,19104190,$15.93,$16.02,$15.65
08/09/2023,$15.76,18744600,$16.19,$16.24,$15.715
08/08/2023,$16.18,25107640,$15.80,$16.22,$15.765
08/07/2023,$15.99,22485660,$15.73,$16.0099,$15.69
08/04/2023,$15.84,23541740,$16.10,$16.185,$15.78
08/03/2023,$15.98,40490610,$15.77,$16.02,$15.70
08/02/2023,$15.95,29884570,$16.005,$16.11,$15.775
08/01/2023,$16.23,31412590,$16.54,$16.54,$15.94
07/31/2023,$16.75,21646170,$16.85,$16.87,$16.59
07/28/2023,$16.79,18588360,$16.79,$16.86,$16.59
07/27/2023,$16.57,24395850,$16.55,$16.69,$16.34
07/26/2023,$16.76,21833020,$16.72,$16.895,$16.5121
07/25/2023,$16.65,40053770,$16.55,$16.83,$16.19
07/24/2023,$16.88,28546600,$17.29,$17.32,$16.86
07/21/2023,$17.42,28617490,$17.50,$17.67,$17.10
07/20/2023,$17.44,54010940,$18.15,$18.17,$17.28
07/19/2023,$18.60,20416050,$18.70,$18.795,$18.44
07/18/2023,$18.68,16839540,$18.20,$18.72,$18.20
07/17/2023,$18.18,14825420,$18.04,$18.38,$18.00
07/14/2023,$18.14,23255120,$18.44,$18.56,$17.96
07/13/2023,$18.45,30683570,$19.05,$19.08,$18.2419
07/12/2023,$18.57,23388560,$18.925,$19.07,$18.49
07/11/2023,$18.80,23613240,$18.64,$18.87,$18.44
07/10/2023,$18.57,21371920,$18.32,$18.72,$18.29
07/07/2023,$18.35,21952940,$17.93,$18.55,$17.93
07/06/2023,$17.88,25774760,$18.02,$18.1413,$17.67
07/05/2023,$18.32,19361210,$17.98,$18.42,$17.89
07/03/2023,$18.10,12843770,$17.86,$18.18,$17.82
06/30/2023,$17.94,18610160,$17.72,$17.99,$17.6715
06/29/2023,$17.60,20315700,$17.64,$17.98,$17.53
06/28/2023,$17.55,26466280,$17.35,$17.5775,$17.28
06/27/2023,$17.35,42031490,$16.53,$17.48,$16.52
06/26/2023,$16.44,19715410,$16.15,$16.49,$16.11
06/23/2023,$16.26,24595440,$15.94,$16.325,$15.92
06/22/2023,$16.36,12700080,$16.23,$16.39,$16.07
06/21/2023,$16.30,18543440,$16.25,$16.35,$16.00
06/20/2023,$16.32,17926120,$16.38,$16.425,$16.155
06/16/2023,$16.48,22658940,$16.67,$16.72,$16.43
06/15/2023,$16.65,17235120,$16.45,$16.65,$16.40
06/14/2023,$16.59,22865970,$16.395,$16.70,$16.315
06/13/2023,$16.31,21911650,$16.25,$16.35,$16.10
06/12/2023,$16.02,28435940,$15.74,$16.37,$15.73
06/09/2023,$15.57,21155780,$15.31,$15.67,$15.31
06/08/2023,$15.30,21698110,$15.16,$15.60,$15.09
06/07/2023,$15.16,19871430,$15.00,$15.27,$14.90
06/06/2023,$14.93,15840020,$14.81,$15.02,$14.70
06/05/2023,$14.81,15399340,$14.87,$14.91,$14.68
06/02/2023,$14.87,31077150,$14.90,$15.07,$14.64
06/01/2023,$14.70,21239150,$14.87,$14.88,$14.61
05/31/2023,$14.78,31783210,$15.09,$15.105,$14.485
05/30/2023,$14.62,20424630,$14.44,$14.75,$14.42
05/26/2023,$14.35,17083810,$14.41,$14.54,$14.28
05/25/2023,$14.38,29719870,$13.88,$14.39,$13.80
05/24/2023,$13.80,30501760,$13.98,$13.98,$13.55
05/23/2023,$14.07,28899360,$14.35,$14.635,$14.07
05/22/2023,$14.38,28517220,$14.915,$14.98,$14.10
05/19/2023,$14.82,17879690,$15.07,$15.09,$14.625
05/18/2023,$15.05,21604460,$14.91,$15.075,$14.80
05/17/2023,$14.91,34905460,$14.40,$15.01,$14.365
05/16/2023,$14.20,20303230,$14.21,$14.45,$13.965
05/15/2023,$14.28,14994070,$14.04,$14.315,$13.92
05/12/2023,$14.02,16743990,$14.19,$14.195,$13.87
05/11/2023,$14.07,17049610,$14.26,$14.2872,$14.0246
05/10/2023,$14.34,21469100,$14.67,$14.70,$14.05
05/09/2023,$14.47,19682730,$14.38,$14.56,$14.21
05/08/2023,$14.36,34586900,$14.34,$14.655,$14.2303
05/05/2023,$13.87,20618720,$13.73,$13.95,$13.625
05/04/2023,$13.51,22983680,$13.79,$13.8893,$13.35
05/03/2023,$13.79,20844830,$13.79,$14.0381,$13.68
05/02/2023,$13.77,22469820,$13.83,$13.87,$13.52
05/01/2023,$13.89,29101810,$13.60,$14.03,$13.52
04/28/2023,$13.64,45057360,$12.94,$13.70,$12.85
04/27/2023,$12.88,48368000,$12.97,$13.40,$12.75
04/26/2023,$12.74,33435240,$12.90,$13.08,$12.65
04/25/2023,$12.84,33615570,$13.16,$13.1699,$12.81
04/24/2023,$13.32,25019810,$13.42,$13.56,$13.05
04/21/2023,$13.40,16548050,$13.31,$13.4175,$13.16
04/20/2023,$13.32,24240060,$13.47,$13.70,$13.31
04/19/2023,$13.63,31596480,$13.13,$13.68,$13.13
04/18/2023,$13.29,24684680,$13.20,$13.30,$12.97
04/17/2023,$13.10,26307880,$12.855,$13.17,$12.80
04/14/2023,$12.79,27538580,$12.98,$13.055,$12.73
04/13/2023,$12.95,47388890,$13.15,$13.18,$12.765
04/12/2023,$13.00,96958820,$13.85,$13.85,$12.91
04/11/2023,$14.32,17518170,$14.22,$14.51,$14.08
04/10/2023,$14.15,18832270,$13.98,$14.17,$13.91
04/06/2023,$14.01,14066990,$13.95,$14.18,$13.87
04/05/2023,$13.89,19213340,$14.06,$14.1361,$13.70
04/04/2023,$14.16,16124090,$14.55,$14.55,$14.015
04/03/2023,$14.42,14317360,$14.52,$14.62,$14.28
03/31/2023,$14.75,12348750,$14.61,$14.76,$14.56
03/30/2023,$14.47,13673520,$14.56,$14.70,$14.46
03/29/2023,$14.35,15906980,$14.18,$14.39,$14.055
03/28/2023,$13.98,11553000,$13.905,$14.0793,$13.85
03/27/2023,$13.94,17126660,$13.96,$14.055,$13.71
03/24/2023,$13.72,19901130,$13.50,$13.74,$13.36
03/23/2023,$13.63,25033400,$14.00,$14.18,$13.47
03/22/2023,$13.82,21378150,$14.36,$14.425,$13.79
03/21/2023,$14.37,17788580,$14.29,$14.54,$14.245
03/20/2023,$13.96,28076250,$14.02,$14.21,$13.865
03/17/2023,$13.98,31268840,$13.95,$14.17,$13.67
03/16/2023,$14.12,24581420,$13.70,$14.23,$13.625
03/15/2023,$13.86,41843680,$14.24,$14.42,$13.51
03/14/2023,$14.66,35258910,$15.05,$15.32,$14.485
03/13/2023,$14.85,32541750,$15.02,$15.26,$14.69
03/10/2023,$15.46,27280180,$15.98,$16.00,$15.11
03/09/2023,$15.88,18504950,$16.55,$16.80,$15.845
03/08/2023,$16.59,11399590,$16.41,$16.60,$16.2701
03/07/2023,$16.36,17951320,$16.24,$16.66,$16.14
03/06/2023,$16.12,13504760,$16.47,$16.55,$16.10
03/03/2023,$16.36,14389520,$16.37,$16.55,$16.14
03/02/2023,$16.12,11742390,$15.88,$16.15,$15.73
03/01/2023,$16.03,11730530,$15.93,$16.05,$15.75
02/28/2023,$15.98,15597790,$15.55,$16.05,$15.53
02/27/2023,$15.63,15494330,$15.74,$15.8299,$15.55
02/24/2023,$15.56,20471830,$15.51,$15.67,$15.36
02/23/2023,$15.87,25607060,$15.66,$16.17,$15.50
02/22/2023,$15.56,22273810,$15.64,$15.82,$15.415
02/21/2023,$15.69,24449010,$16.06,$16.20,$15.52
02/17/2023,$16.36,21921290,$16.38,$16.56,$16.15
02/16/2023,$16.39,15054680,$16.59,$16.67,$16.36
02/15/2023,$16.80,12470210,$16.64,$16.84,$16.58
02/14/2023,$16.79,17467940,$16.49,$16.85,$16.33
02/13/2023,$16.51,15649920,$16.25,$16.60,$16.21
02/10/2023,$16.28,14210090,$16.41,$16.4308,$16.14
02/09/2023,$16.66,17558750,$17.11,$17.16,$16.5949
02/08/2023,$16.97,20774170,$17.26,$17.44,$16.80
02/07/2023,$16.96,19053420,$16.92,$17.03,$16.54
02/06/2023,$16.92,19340760,$16.88,$17.09,$16.79
02/03/2023,$17.02,22108170,$16.85,$17.22,$16.85
02/02/2023,$17.06,31552210,$16.73,$17.3199,$16.72
02/01/2023,$16.69,26925310,$16.04,$16.72,$15.92
01/31/2023,$16.14,19866930,$16.01,$16.24,$15.91
01/30/2023,$15.96,23585950,$16.29,$16.60,$15.9101
01/27/2023,$16.43,26257030,$16.535,$16.81,$16.37
01/26/2023,$16.61,47488940,$16.54,$16.74,$15.73
01/25/2023,$16.26,34131050,$15.97,$16.48,$15.90
01/24/2023,$16.02,21641480,$16.01,$16.43,$15.96
01/23/2023,$16.17,23408550,$16.39,$16.44,$16.16
01/20/2023,$16.34,22487700,$16.37,$16.535,$16.14
01/19/2023,$16.28,32630230,$16.412,$16.49,$16.01
01/18/2023,$16.64,42352630,$17.53,$17.64,$16.595
01/17/2023,$17.08,32875680,$16.90,$17.12,$16.74
01/13/2023,$17.02,50828020,$16.22,$17.07,$16.0101
01/12/2023,$16.83,96441830,$16.03,$16.90,$15.875
01/11/2023,$15.34,28664330,$15.09,$15.50,$15.05
01/10/2023,$15.19,31109870,$14.56,$15.20,$14.56
01/09/2023,$14.61,31496870,$14.25,$14.79,$14.23
01/06/2023,$14.18,29546410,$14.01,$14.25,$13.915
01/05/2023,$13.99,27378040,$13.50,$14.01,$13.42
01/04/2023,$13.59,34359050,$12.86,$13.61,$12.86
01/03/2023,$12.74,21865070,$12.91,$13.00,$12.525
12/30/2022,$12.72,19002840,$12.55,$12.825,$12.53
12/29/2022,$12.70,19706290,$12.39,$12.71,$12.295
12/28/2022,$12.32,20470360,$12.52,$12.68,$12.25
12/27/2022,$12.53,18878230,$12.62,$12.79,$12.395
12/23/2022,$12.71,17181210,$12.51,$12.71,$12.3298
12/22/2022,$12.56,25372940,$12.98,$12.995,$12.23
12/21/2022,$13.03,29778880,$12.69,$13.22,$12.65
12/20/2022,$12.53,20354190,$12.42,$12.62,$12.375
12/19/2022,$12.48,21883970,$12.85,$12.89,$12.46
12/16/2022,$12.81,26395000,$12.97,$13.10,$12.59
12/15/2022,$12.93,26158250,$13.162,$13.31,$12.80
12/14/2022,$13.35,33728940,$13.58,$13.69,$13.24
12/13/2022,$13.46,51620120,$14.60,$14.74,$13.29
12/12/2022,$14.20,23344650,$13.49,$14.21,$13.45
12/09/2022,$13.53,18535430,$13.52,$13.66,$13.42
12/08/2022,$13.60,25300940,$13.65,$13.80,$13.38
12/07/2022,$13.55,28161400,$14.24,$14.24,$13.53
12/06/2022,$14.33,20781460,$14.14,$14.34,$14.00
12/05/2022,$14.11,27028980,$13.84,$14.335,$13.82
12/02/2022,$13.97,24124270,$13.82,$13.98,$13.6736
12/01/2022,$13.98,26519580,$14.46,$14.5693,$13.9324
11/30/2022,$14.43,21241820,$14.12,$14.445,$13.93
11/29/2022,$14.14,17335280,$13.89,$14.16,$13.83
11/28/2022,$13.83,21366540,$14.34,$14.4399,$13.82
11/25/2022,$14.50,9903925,$14.40,$14.70,$14.35
11/23/2022,$14.42,23686440,$13.98,$14.43,$13.88
11/22/2022,$13.98,26386950,$13.85,$14.03,$13.36
11/21/2022,$13.85,25708380,$14.02,$14.27,$13.80
11/18/2022,$14.05,25968320,$14.26,$14.575,$13.92
11/17/2022,$13.95,24041690,$13.82,$14.015,$13.68
11/16/2022,$14.09,28857990,$14.452,$14.47,$14.01
11/15/2022,$14.61,29423140,$15.02,$15.18,$14.525
11/14/2022,$14.68,26244670,$14.79,$15.03,$14.55
11/11/2022,$14.88,24133970,$15.00,$15.075,$14.72
11/10/2022,$14.93,35599150,$14.46,$14.99,$14.36
11/09/2022,$13.98,21047170,$14.12,$14.3381,$13.97
11/08/2022,$14.25,25415710,$14.29,$14.45,$14.08
11/07/2022,$14.32,23797340,$14.32,$14.385,$13.855
11/04/2022,$14.11,28238510,$14.06,$14.3988,$13.86
11/03/2022,$13.73,25312340,$13.36,$13.87,$13.20
11/02/2022,$13.58,34816100,$14.00,$14.27,$13.55
11/01/2022,$14.11,25606940,$14.44,$14.535,$14.095
10/31/2022,$14.18,26486660,$14.03,$14.32,$13.885
10/28/2022,$14.00,26410640,$14.00,$14.10,$13.785
10/27/2022,$13.97,25575250,$14.18,$14.4799,$13.96
10/26/2022,$14.00,28326140,$14.14,$14.44,$13.9901
10/25/2022,$14.29,27677200,$14.05,$14.37,$13.93
10/24/2022,$14.10,32811000,$13.75,$14.12,$13.585
10/21/2022,$13.71,36760000,$13.36,$13.865,$13.21
10/20/2022,$13.46,58239740,$13.95,$14.27,$13.425
10/19/2022,$13.99,55466450,$13.98,$14.28,$13.72
10/18/2022,$13.70,38762390,$13.57,$13.88,$13.46
10/17/2022,$13.20,39973760,$13.53,$13.585,$12.92
10/14/2022,$13.11,34831680,$13.35,$13.5801,$12.96
10/13/2022,$13.05,53206140,$12.495,$13.195,$12.18
10/12/2022,$12.70,40359160,$12.21,$12.83,$11.975
10/11/2022,$12.26,64438050,$12.74,$12.855,$11.79
10/10/2022,$12.05,29602580,$12.20,$12.32,$11.86
10/07/2022,$12.18,37297670,$12.50,$12.54,$11.945
10/06/2022,$12.73,31569280,$12.77,$13.00,$12.40
10/05/2022,$12.87,28172460,$12.63,$12.96,$12.43
10/04/2022,$12.95,47616040,$12.31,$13.05,$12.30
10/03/2022,$11.92,41156750,$12.02,$12.23,$11.6514
09/30/2022,$12.04,30111450,$12.13,$12.3972,$12.01
09/29/2022,$12.25,34402780,$12.53,$12.55,$12.09
09/28/2022,$12.75,34069320,$12.24,$12.80,$12.08
09/27/2022,$12.27,44010450,$12.19,$12.51,$11.91
09/26/2022,$11.86,38155630,$12.18,$12.425,$11.85
09/23/2022,$12.21,53874910,$12.48,$12.572,$11.86
09/22/2022,$12.71,44037570,$13.30,$13.33,$12.52
09/21/2022,$13.23,40988740,$13.85,$13.85,$13.23
09/20/2022,$13.97,31083420,$14.20,$14.33,$13.69
09/19/2022,$14.21,25403160,$13.60,$14.2999,$13.60
09/16/2022,$13.75,27318980,$13.94,$14.0207,$13.62
09/15/2022,$14.27,28334670,$13.905,$14.555,$13.90
09/14/2022,$14.03,30564030,$13.62,$14.04,$13.27
09/13/2022,$13.68,31432850,$13.93,$14.1081,$13.63
09/12/2022,$14.47,27655330,$14.35,$14.67,$14.32
09/09/2022,$14.19,23972670,$14.10,$14.25,$14.01
09/08/2022,$13.96,26437550,$13.665,$14.12,$13.56
09/07/2022,$13.89,32867630,$13.27,$13.9275,$13.215
09/06/2022,$13.22,27966380,$13.19,$13.26,$12.74
09/02/2022,$12.99,26922500,$13.145,$13.35,$12.865
09/01/2022,$12.93,29871190,$12.87,$12.95,$12.50
08/31/2022,$12.99,27923810,$13.49,$13.53,$12.96
08/30/2022,$13.33,25076790,$13.61,$13.68,$13.20
08/29/2022,$13.51,21391170,$13.51,$13.7094,$13.45
08/26/2022,$13.74,23177520,$14.41,$14.54,$13.71
08/25/2022,$14.42,22167810,$14.17,$14.46,$14.09
08/24/2022,$13.99,17825080,$13.84,$14.05,$13.77
08/23/2022,$13.82,25500100,$13.78,$13.925,$13.59
08/22/2022,$13.71,25120710,$13.78,$13.92,$13.61
08/19/2022,$14.17,31593330,$14.50,$14.57,$13.96
08/18/2022,$14.84,19271220,$14.98,$15.02,$14.725
08/17/2022,$14.96,28352770,$15.23,$15.29,$14.78
08/16/2022,$15.50,23668550,$15.30,$15.71,$15.11
08/15/2022,$15.33,18364000,$15.27,$15.55,$15.25
08/12/2022,$15.25,21151020,$15.16,$15.29,$15.03
08/11/2022,$14.99,32357480,$15.40,$15.46,$14.90
08/10/2022,$15.07,32383220,$15.11,$15.39,$14.95
08/09/2022,$14.62,23706390,$14.87,$14.88,$14.38
08/08/2022,$15.02,23711850,$14.87,$15.28,$14.82
08/05/2022,$14.74,19503840,$14.62,$14.98,$14.61
08/04/2022,$14.86,27102860,$14.53,$14.97,$14.51
08/03/2022,$14.63,28366550,$14.20,$14.70,$14.15
08/02/2022,$14.06,27439970,$14.05,$14.40,$13.899
08/01/2022,$14.28,32730820,$13.67,$14.32,$13.515
07/29/2022,$13.71,26238210,$13.59,$13.915,$13.49
07/28/2022,$13.76,35834420,$13.69,$14.035,$13.29
07/27/2022,$13.97,36408880,$13.705,$14.03,$13.35
07/26/2022,$13.43,23978120,$13.52,$13.65,$13.35
07/25/2022,$13.75,28368490,$13.62,$13.80,$13.3031
07/22/2022,$13.68,38345370,$14.105,$14.28,$13.63
07/21/2022,$14.08,64624890,$14.67,$14.69,$13.81
07/20/2022,$15.21,39746450,$15.14,$15.42,$14.90
07/19/2022,$15.16,30099580,$14.90,$15.27,$14.87
07/18/2022,$14.54,31995040,$14.83,$15.16,$14.52
07/15/2022,$14.47,30181950,$14.485,$14.56,$14.05
07/14/2022,$14.25,39441410,$14.18,$14.87,$14.045
07/13/2022,$14.31,45289770,$14.04,$14.44,$13.70
07/12/2022,$14.77,74980050,$13.63,$15.04,$13.56
07/11/2022,$13.43,25215300,$13.82,$13.97,$13.31
07/08/2022,$13.97,28114060,$13.96,$14.27,$13.72
07/07/2022,$14.10,33327660,$13.94,$14.195,$13.64
07/06/2022,$13.89,30792620,$13.75,$14.085,$13.64
07/05/2022,$13.88,43965450,$12.81,$13.88,$12.55
07/01/2022,$13.13,34110390,$12.78,$13.18,$12.52
06/30/2022,$12.68,37521380,$12.60,$12.8799,$12.25
06/29/2022,$13.03,34350960,$13.23,$13.24,$12.77
06/28/2022,$13.50,36545390,$13.799,$14.48,$13.47
06/27/2022,$13.56,26086240,$13.955,$13.96,$13.38
06/24/2022,$13.90,41326590,$12.97,$13.96,$12.885
06/23/2022,$12.98,31067770,$13.02,$13.175,$12.58
06/22/2022,$13.10,34193510,$12.82,$13.43,$12.76
06/21/2022,$13.04,39780820,$13.215,$13.24,$12.62
06/17/2022,$12.94,52537810,$12.20,$13.07,$11.93
06/16/2022,$12.16,56545220,$12.90,$12.90,$11.96
06/15/2022,$13.31,49703420,$13.07,$13.675,$13.02
06/14/2022,$12.95,43628720,$13.60,$13.66,$12.76
06/13/2022,$13.32,55496130,$14.12,$14.16,$13.13
06/10/2022,$14.71,46254180,$15.09,$15.83,$14.71
06/09/2022,$15.47,31530190,$16.08,$16.22,$15.455
06/08/2022,$16.15,22558790,$16.39,$16.69,$16.11
06/07/2022,$16.69,29278120,$16.10,$16.73,$15.9626
06/06/2022,$16.30,29567850,$16.53,$16.57,$16.02
06/03/2022,$16.22,46267570,$17.00,$17.05,$16.09
06/02/2022,$17.46,23337750,$17.27,$17.51,$17.175
06/01/2022,$17.29,32637950,$18.07,$18.10,$16.98
05/31/2022,$17.87,31158270,$17.70,$18.22,$17.51
05/27/2022,$18.13,27615590,$17.45,$18.21,$17.34
05/26/2022,$17.24,33955210,$16.37,$17.4184,$16.31
05/25/2022,$16.13,31846930,$15.44,$16.18,$15.405
05/24/2022,$15.50,38817370,$16.53,$16.53,$15.32
05/23/2022,$16.75,24684500,$16.43,$16.86,$16.14
05/20/2022,$16.26,34090610,$17.06,$17.16,$15.83
05/19/2022,$16.75,28299760,$16.63,$17.14,$16.57
05/18/2022,$16.89,29441890,$17.45,$17.835,$16.78
05/17/2022,$17.82,28978510,$17.16,$17.83,$17.065
05/16/2022,$16.55,25223390,$16.50,$17.027,$16.42
05/13/2022,$16.58,31753100,$15.84,$16.6484,$15.82
05/12/2022,$15.49,40155380,$15.71,$16.13,$15.09
05/11/2022,$15.97,34913250,$16.55,$17.085,$15.905
05/10/2022,$16.57,35775640,$16.81,$16.89,$16.185
05/09/2022,$16.32,37938940,$17.36,$17.575,$16.21
05/06/2022,$17.84,34359980,$18.45,$18.47,$17.61
05/05/2022,$18.54,32054520,$19.25,$19.515,$18.38
05/04/2022,$19.62,30759670,$18.83,$19.64,$18.75
05/03/2022,$19.13,30334210,$18.68,$19.3442,$18.34
05/02/2022,$18.56,32639380,$18.75,$18.955,$18.0337
04/29/2022,$18.77,24044940,$19.15,$19.51,$18.72
04/28/2022,$19.43,27601000,$19.13,$19.5574,$18.635
04/27/2022,$18.97,31101310,$18.675,$19.18,$18.47
04/26/2022,$18.77,33555830,$19.84,$19.98,$18.76
04/25/2022,$19.98,37047840,$19.975,$20.15,$19.48
04/22/2022,$20.18,42141920,$20.60,$21.15,$20.065
04/21/2022,$20.22,84042910,$21.255,$21.42,$20.11
04/20/2022,$19.48,43515020,$19.66,$20.07,$19.47
04/19/2022,$19.59,41227990,$18.86,$19.80,$18.86
04/18/2022,$18.54,27478850,$18.86,$19.09,$18.47
04/14/2022,$19.00,43180700,$18.99,$19.49,$18.88
04/13/2022,$18.95,90231900,$17.88,$18.99,$17.86
04/12/2022,$17.13,31461620,$17.13,$17.16,$16.69
04/11/2022,$16.97,24886190,$16.50,$17.23,$16.41
04/08/2022,$16.59,22627660,$16.87,$17.02,$16.57
04/07/2022,$16.95,42285210,$17.14,$17.2501,$16.37
04/06/2022,$17.38,40217770,$17.26,$17.67,$16.83
04/05/2022,$17.84,35187260,$18.35,$18.57,$17.58
04/04/2022,$18.23,23095440,$18.16,$18.37,$17.72
04/01/2022,$18.24,25182730,$18.30,$18.395,$18.065
03/31/2022,$18.25,33338170,$18.16,$18.45,$17.98
03/30/2022,$18.05,28866380,$17.92,$18.25,$17.775
03/29/2022,$18.16,58105510,$17.885,$18.43,$17.86
03/28/2022,$17.30,29985350,$17.27,$17.38,$16.82
03/25/2022,$17.01,39510270,$16.75,$17.44,$16.74
03/24/2022,$16.72,33893990,$16.31,$16.76,$16.10
03/23/2022,$16.21,31335960,$16.31,$16.46,$16.17
03/22/2022,$16.56,40143350,$16.20,$16.76,$16.085
03/21/2022,$16.09,45852570,$16.50,$16.54,$15.90
03/18/2022,$16.75,39040230,$16.35,$16.84,$16.16
03/17/2022,$16.55,41996250,$16.06,$16.565,$15.89
03/16/2022,$16.47,66907420,$15.845,$16.49,$15.53
03/15/2022,$15.57,76398350,$14.91,$15.80,$14.90
03/14/2022,$14.25,53284250,$14.04,$14.83,$13.70
03/11/2022,$14.02,48409530,$14.40,$14.56,$13.90
03/10/2022,$14.20,56571680,$13.82,$14.44,$13.46
03/09/2022,$14.30,88884230,$14.44,$14.75,$14.05
03/08/2022,$13.51,88067100,$13.035,$14.27,$12.4401
03/07/2022,$12.84,89360330,$14.32,$14.62,$12.77
03/04/2022,$14.59,76388690,$15.27,$15.4799,$14.42
03/03/2022,$15.71,47575090,$16.63,$16.75,$15.61
03/02/2022,$16.37,43654290,$16.50,$16.92,$16.2903
03/01/2022,$16.29,50513650,$16.97,$17.07,$16.08
02/28/2022,$17.25,51465660,$17.04,$17.425,$16.55
02/25/2022,$17.46,43874110,$17.16,$17.73,$16.99
02/24/2022,$16.96,56881500,$15.66,$17.00,$15.48
02/23/2022,$16.64,35359080,$17.62,$17.76,$16.61
02/22/2022,$17.43,32432680,$17.44,$17.95,$17.29
02/18/2022,$17.87,30507540,$18.22,$18.41,$17.75
02/17/2022,$18.22,29950290,$18.535,$18.67,$18.03
02/16/2022,$18.82,30557520,$18.565,$19.11,$18.50
02/15/2022,$18.84,46528680,$18.315,$18.905,$18.12
02/14/2022,$17.43,37446630,$17.85,$18.305,$17.35
02/11/2022,$17.61,50338910,$18.59,$18.9771,$17.44
02/10/2022,$18.71,36411850,$18.42,$19.08,$18.35
02/09/2022,$18.76,42407270,$18.45,$18.97,$18.35
02/08/2022,$18.26,46702470,$17.40,$18.28,$17.21
02/07/2022,$17.28,52927530,$16.69,$17.505,$16.64
02/04/2022,$16.45,38585190,$16.54,$16.565,$16.04
02/03/2022,$16.57,30642810,$16.65,$17.175,$16.545
02/02/2022,$16.96,37904190,$16.88,$17.145,$16.49
02/01/2022,$16.83,30798780,$16.56,$16.965,$16.4114
01/31/2022,$16.47,35533510,$15.55,$16.47,$15.40
01/28/2022,$15.64,51662640,$15.67,$15.78,$14.905
01/27/2022,$15.78,43507380,$16.425,$16.84,$15.6226
01/26/2022,$16.24,39331760,$16.70,$16.97,$16.135
01/25/2022,$16.46,42471590,$16.05,$16.54,$15.89
01/24/2022,$16.41,60008680,$15.85,$16.44,$15.38
01/21/2022,$16.30,52547510,$16.77,$16.78,$16.09
01/20/2022,$16.76,54892830,$17.63,$17.7326,$16.6829
01/19/2022,$17.31,36133150,$17.90,$17.91,$17.29
01/18/2022,$17.90,39855910,$18.23,$18.61,$17.77
01/14/2022,$18.49,44983140,$19.11,$19.16,$18.40
01/13/2022,$19.34,55911770,$18.73,$19.7597,$18.63
01/12/2022,$18.50,41140850,$19.16,$19.255,$18.35
01/11/2022,$19.02,22531540,$18.88,$19.205,$18.71
01/10/2022,$18.79,25707710,$19.24,$19.39,$18.68
01/07/2022,$19.28,42399470,$18.75,$19.59,$18.58
01/06/2022,$18.57,19097700,$18.89,$19.0599,$18.35
01/05/2022,$18.68,34447890,$19.13,$19.385,$18.51
01/04/2022,$19.02,29266600,$19.215,$19.46,$18.8504
01/03/2022,$18.75,42891310,$18.23,$19.18,$18.20
12/31/2021,$17.96,20656980,$18.07,$18.36,$17.93
12/30/2021,$18.07,28158240,$17.975,$18.38,$17.96
12/29/2021,$18.05,22626990,$18.40,$18.43,$17.99
12/28/2021,$18.54,28263650,$18.03,$18.64,$17.92
12/27/2021,$18.17,28059320,$17.66,$18.24,$17.545
12/23/2021,$18.26,32321000,$18.59,$18.72,$18.15
12/22/2021,$18.26,29522970,$18.18,$18.50,$17.91
12/21/2021,$18.12,47591990,$17.45,$18.46,$17.40
12/20/2021,$17.30,44479130,$16.50,$17.78,$16.455
12/17/2021,$16.95,41934270,$16.66,$17.30,$16.40
12/16/2021,$16.52,31751180,$17.25,$17.39,$16.43
12/15/2021,$16.99,39939390,$16.95,$17.09,$16.275
12/14/2021,$16.91,30171340,$16.815,$17.4699,$16.805
12/13/2021,$17.12,40783890,$17.55,$17.65,$16.85
12/10/2021,$18.01,28696050,$18.07,$18.13,$17.625
12/09/2021,$18.14,36027710,$18.04,$18.29,$17.8496
12/08/2021,$18.23,46340620,$17.96,$18.87,$17.88
12/07/2021,$17.89,50249940,$18.32,$18.71,$17.72
12/06/2021,$17.93,74005550,$16.95,$18.54,$16.91
12/03/2021,$16.62,57883990,$17.27,$17.29,$16.34
12/02/2021,$17.42,58808870,$16.49,$17.44,$16.15
12/01/2021,$16.28,82341750,$17.94,$18.24,$16.26
11/30/2021,$17.69,49870120,$17.44,$17.74,$16.92
11/29/2021,$17.74,42940270,$18.15,$18.26,$17.42
11/26/2021,$17.75,84177490,$18.27,$18.27,$16.90
11/24/2021,$19.46,21323290,$19.325,$19.5499,$19.07
11/23/2021,$19.47,30427250,$19.7512,$20.1409,$19.32
11/22/2021,$19.63,33220550,$19.56,$19.76,$19.05
11/19/2021,$19.28,31259840,$19.14,$19.44,$18.94
11/18/2021,$19.39,31051920,$19.87,$19.93,$19.135
11/17/2021,$19.86,17862790,$19.71,$20.06,$19.58
11/16/2021,$19.84,36075220,$20.23,$20.245,$19.54
11/15/2021,$20.32,20874000,$20.40,$20.565,$20.20
11/12/2021,$20.29,48375400,$21.34,$21.355,$20.06
11/11/2021,$21.33,18499310,$21.60,$21.79,$21.30
11/10/2021,$21.57,22330900,$21.83,$22.03,$21.45
11/09/2021,$22.26,22013230,$22.12,$22.3299,$21.70
11/08/2021,$22.25,35774430,$22.19,$22.35,$21.84
11/05/2021,$21.82,58082520,$21.91,$22.06,$21.26
11/04/2021,$20.63,23940520,$20.73,$20.84,$20.35
11/03/2021,$20.63,35014080,$19.82,$20.67,$19.725
11/02/2021,$19.83,19979110,$19.67,$19.89,$19.57
11/01/2021,$19.77,32308510,$19.09,$19.78,$18.8745
10/29/2021,$19.20,21678970,$19.18,$19.445,$19.005
10/28/2021,$19.19,26506930,$19.11,$19.24,$18.85
10/27/2021,$19.03,22215030,$19.45,$19.57,$18.97
10/26/2021,$19.39,31007870,$19.34,$19.815,$19.24
10/25/2021,$19.23,27977640,$19.16,$19.30,$18.90
10/22/2021,$19.15,36948180,$19.72,$19.76,$19.03
10/21/2021,$19.89,29224660,$19.62,$20.01,$19.50
10/20/2021,$19.52,31618050,$19.59,$19.835,$19.22
10/19/2021,$19.53,25758290,$19.93,$19.94,$19.50
10/18/2021,$19.84,20604420,$19.92,$20.15,$19.74
10/15/2021,$19.98,27259930,$20.015,$20.33,$19.92
10/14/2021,$19.64,21544570,$19.775,$19.9364,$19.585
10/13/2021,$19.61,33327990,$20.25,$20.25,$19.53
10/12/2021,$20.29,18448360,$20.20,$20.40,$20.03
10/11/2021,$20.13,23646750,$19.98,$20.51,$19.8498
10/08/2021,$20.07,21691050,$20.24,$20.29,$19.88
10/07/2021,$20.17,29167180,$20.84,$20.90,$20.08
10/06/2021,$20.54,37908540,$20.70,$21.01,$20.31
10/05/2021,$21.47,22580150,$21.50,$21.85,$21.25
10/04/2021,$21.39,28623360,$21.915,$22.08,$21.29
10/01/2021,$21.65,36430870,$20.995,$21.78,$20.90
09/30/2021,$20.52,24079390,$20.87,$20.87,$20.37
09/29/2021,$21.01,20467900,$21.51,$21.58,$21.00
09/28/2021,$21.43,26170250,$21.35,$21.81,$21.29
09/27/2021,$21.47,33190500,$21.77,$22.19,$21.46
09/24/2021,$21.39,39971690,$20.89,$21.62,$20.81
09/23/2021,$20.90,51636260,$20.76,$21.30,$20.65
09/22/2021,$20.52,39344290,$19.93,$20.75,$19.93
09/21/2021,$19.76,34050100,$20.42,$20.75,$19.6701
09/20/2021,$20.33,43601260,$19.72,$20.37,$19.3363
09/17/2021,$19.73,32602630,$19.94,$20.32,$19.54
09/16/2021,$19.89,33586210,$19.35,$20.22,$19.3205
09/15/2021,$19.38,22989100,$19.19,$19.41,$18.86
09/14/2021,$19.21,23820110,$19.35,$19.52,$19.04
09/13/2021,$19.31,42885990,$19.16,$19.515,$18.643
09/10/2021,$18.95,54951410,$20.28,$20.29,$18.93
09/09/2021,$20.20,60077160,$19.10,$20.61,$19.01
09/08/2021,$19.13,21836100,$19.53,$19.80,$19.05
09/07/2021,$19.53,18290960,$19.36,$19.65,$19.21
09/03/2021,$19.37,20364980,$19.68,$19.9299,$19.32
09/02/2021,$19.76,20209070,$19.7268,$19.98,$19.4774
09/01/2021,$19.64,20843240,$20.01,$20.095,$19.531
08/31/2021,$19.94,24993240,$19.47,$20.02,$19.36
08/30/2021,$19.51,24094330,$20.29,$20.30,$19.47
08/27/2021,$20.22,21615080,$19.989,$20.43,$19.882
08/26/2021,$19.90,22809450,$20.00,$20.44,$19.58
08/25/2021,$20.15,26913250,$19.77,$20.24,$19.4191
08/24/2021,$19.83,31550400,$19.399,$20.02,$19.39
08/23/2021,$19.11,23637470,$18.88,$19.32,$18.81
08/20/2021,$18.50,28979450,$18.64,$18.86,$18.29
08/19/2021,$18.73,37097130,$19.00,$19.195,$18.38
08/18/2021,$19.14,24479470,$19.34,$19.66,$19.04
08/17/2021,$19.34,23686060,$19.36,$19.6062,$19.09
08/16/2021,$19.76,25653830,$19.631,$20.02,$19.34
08/13/2021,$19.84,30877500,$20.368,$20.55,$19.75
08/12/2021,$20.43,30464790,$21.029,$21.11,$20.305
08/11/2021,$21.23,39902330,$20.625,$21.49,$20.4845
08/10/2021,$20.94,31320870,$20.50,$21.40,$20.38
08/09/2021,$20.56,32047570,$20.765,$20.79,$20.0601
08/06/2021,$21.02,28280970,$21.13,$21.22,$20.52
08/05/2021,$20.91,42900850,$19.47,$20.965,$19.45
08/04/2021,$19.45,30815360,$19.52,$19.955,$19.345
08/03/2021,$19.95,36572570,$20.08,$20.08,$19.31
08/02/2021,$20.06,27151350,$20.49,$20.85,$19.99
07/30/2021,$20.38,31284020,$20.84,$21.1499,$20.24
07/29/2021,$21.17,19391270,$21.775,$21.78,$21.165
07/28/2021,$21.63,20077350,$21.61,$21.79,$21.225
07/27/2021,$21.46,30301280,$21.958,$22.155,$21.11
07/26/2021,$22.08,31508760,$21.03,$22.11,$20.94
07/23/2021,$21.20,29379240,$21.35,$21.69,$21.02
07/22/2021,$21.16,39028340,$21.06,$21.62,$20.59
07/21/2021,$21.40,52282650,$20.79,$21.55,$20.75
07/20/2021,$20.56,46295450,$19.05,$20.59,$18.855
07/19/2021,$18.97,63985830,$18.83,$19.21,$18.28
07/16/2021,$19.79,34523460,$20.68,$20.73,$19.72
07/15/2021,$20.46,34187500,$20.56,$21.059,$20.15
07/14/2021,$20.62,55139540,$20.87,$21.57,$20.43
07/13/2021,$20.02,30951460,$20.69,$20.70,$19.99
07/12/2021,$20.84,20782180,$20.72,$20.98,$20.35
07/09/2021,$20.89,21730920,$20.79,$21.00,$20.50
07/08/2021,$20.35,28539290,$19.88,$20.64,$19.655
07/07/2021,$20.31,30857030,$20.79,$21.05,$20.17
07/06/2021,$21.01,24176470,$21.50,$21.79,$20.86
07/02/2021,$21.48,20867940,$21.615,$21.65,$21.11
07/01/2021,$21.51,22082740,$21.474,$21.79,$21.33
06/30/2021,$21.21,26231780,$21.092,$21.48,$20.94
06/29/2021,$21.08,29157410,$21.32,$21.40,$21.015
06/28/2021,$21.39,48437840,$22.09,$22.09,$21.14
06/25/2021,$22.22,18738630,$22.33,$22.48,$22.07
06/24/2021,$22.35,22667550,$22.21,$22.50,$21.95
06/23/2021,$22.20,17394670,$22.17,$22.335,$22.08
06/22/2021,$22.11,22745010,$22.35,$22.38,$21.845
06/21/2021,$22.45,26666160,$22.318,$22.545,$21.91
06/18/2021,$22.29,28009880,$22.065,$22.53,$21.91
06/17/2021,$22.23,32879060,$22.83,$23.13,$21.825
06/16/2021,$22.83,20296920,$22.74,$23.00,$22.515
06/15/2021,$22.79,19062210,$22.97,$23.13,$22.55
06/14/2021,$22.99,22613100,$23.49,$23.74,$22.93
06/11/2021,$23.53,24368020,$23.43,$23.74,$23.40
06/10/2021,$23.46,28988340,$24.14,$24.24,$23.26
06/09/2021,$23.85,20289050,$24.37,$24.41,$23.84
06/08/2021,$24.22,26105570,$24.42,$24.49,$23.86
06/07/2021,$24.25,21173240,$24.49,$24.7712,$24.18
06/04/2021,$24.30,28977320,$25.13,$25.18,$24.255
06/03/2021,$24.93,38254870,$25.42,$25.58,$24.90
06/02/2021,$25.82,57686210,$24.76,$26.04,$24.65
06/01/2021,$24.67,36502430,$24.68,$25.09,$24.51
05/28/2021,$24.24,30594400,$24.39,$24.82,$24.13
05/27/2021,$24.43,36389470,$24.03,$24.49,$23.68
05/26/2021,$23.90,29812730,$23.525,$23.95,$23.20
05/25/2021,$23.21,50630540,$23.45,$24.17,$23.11
05/24/2021,$22.99,26159270,$22.85,$23.05,$22.35
05/21/2021,$22.57,26246520,$22.71,$23.035,$22.51
05/20/2021,$22.60,33606460,$23.175,$23.175,$22.29
05/19/2021,$22.97,34558210,$22.97,$23.27,$22.62
05/18/2021,$23.56,38662410,$23.54,$23.94,$23.08
05/17/2021,$23.35,40563200,$22.32,$23.40,$22.10
05/14/2021,$22.40,39182530,$21.43,$22.48,$21.43
05/13/2021,$21.21,35238680,$20.88,$21.42,$20.62
05/12/2021,$20.76,34605340,$21.36,$21.69,$20.69
05/11/2021,$21.57,37417770,$21.07,$21.70,$20.91
05/10/2021,$22.00,32570030,$22.23,$22.54,$21.96
05/07/2021,$22.00,32022920,$21.40,$22.19,$21.27
05/06/2021,$21.49,25632580,$21.51,$21.75,$21.16
05/05/2021,$21.57,27984850,$21.35,$21.87,$21.19
05/04/2021,$21.42,36050840,$21.78,$21.989,$20.94
05/03/2021,$21.95,27606110,$21.87,$22.01,$21.40
04/30/2021,$21.72,31608770,$21.17,$21.88,$21.075
04/29/2021,$21.30,34430870,$21.94,$22.15,$21.21
04/28/2021,$21.70,22572100,$21.64,$21.89,$21.48
04/27/2021,$21.76,26767100,$22.01,$22.07,$21.60
04/26/2021,$22.04,44349190,$21.52,$22.05,$21.48
04/23/2021,$21.11,48123880,$20.27,$21.20,$20.18
04/22/2021,$20.07,72635140,$21.58,$21.61,$20.04
04/21/2021,$21.01,49376370,$20.005,$21.03,$19.64
04/20/2021,$20.37,48820780,$21.02,$21.02,$19.96
04/19/2021,$21.55,27424880,$21.97,$21.985,$21.37
04/16/2021,$22.03,25957950,$22.06,$22.36,$21.87
04/15/2021,$22.13,34424100,$22.65,$22.6669,$21.695
04/14/2021,$22.37,33969580,$22.95,$23.35,$22.20
04/13/2021,$22.56,44741620,$22.18,$22.65,$21.66
04/12/2021,$22.91,27165690,$23.232,$23.32,$22.72
04/09/2021,$23.54,21307710,$23.445,$23.665,$23.25
04/08/2021,$23.65,28606560,$23.88,$23.88,$22.63
04/07/2021,$23.93,27792510,$24.19,$24.59,$23.82
04/06/2021,$24.06,31099360,$24.20,$24.50,$23.91
04/05/2021,$24.23,33657040,$24.46,$24.85,$24.16
04/01/2021,$23.86,25956190,$24.02,$24.225,$23.645
03/31/2021,$23.90,29800340,$24.03,$24.121,$23.61
03/30/2021,$24.12,39747890,$23.10,$24.195,$23.023
03/29/2021,$22.91,30700100,$23.16,$23.1899,$22.395
03/26/2021,$22.93,36972430,$23.14,$23.29,$22.28
03/25/2021,$22.77,49746890,$21.25,$22.915,$21.02
03/24/2021,$21.81,44703870,$22.79,$23.18,$21.76
03/23/2021,$22.27,55290740,$23.35,$23.66,$22.08
03/22/2021,$23.83,42676040,$24.62,$24.70,$23.76
03/19/2021,$24.97,49461200,$24.68,$25.11,$23.88
03/18/2021,$24.70,53368960,$25.12,$26.09,$24.55
03/17/2021,$25.16,38540130,$24.12,$25.22,$23.90
03/16/2021,$24.47,47923580,$25.11,$25.25,$24.31
03/15/2021,$25.17,94133690,$24.55,$25.94,$24.21
03/12/2021,$23.37,55260300,$22.18,$23.54,$22.13
03/11/2021,$22.15,39002430,$22.00,$22.50,$21.765
03/10/2021,$21.75,44224850,$21.67,$22.48,$21.37
03/09/2021,$21.60,39820360,$21.585,$21.81,$20.66
03/08/2021,$21.47,39776850,$20.78,$21.705,$20.65
03/05/2021,$20.45,63183880,$21.40,$21.50,$18.94
03/04/2021,$21.24,61124170,$22.275,$22.42,$20.41
03/03/2021,$22.17,49301250,$21.87,$22.59,$21.73
03/02/2021,$21.44,27558180,$21.28,$21.63,$21.12
03/01/2021,$21.18,45406100,$21.75,$22.29,$21.05
02/26/2021,$20.94,42397280,$20.61,$21.43,$20.34
02/25/2021,$20.86,65571020,$22.13,$22.44,$20.38
02/24/2021,$21.82,74610190,$20.87,$22.115,$20.75
02/23/2021,$20.66,78817580,$20.68,$21.05,$18.74
02/22/2021,$20.44,99937740,$19.84,$21.11,$19.31
02/19/2021,$18.68,48663750,$17.90,$18.83,$17.78
02/18/2021,$17.71,26328170,$17.83,$17.9782,$17.45
02/17/2021,$17.99,35650700,$17.69,$18.34,$17.48
02/16/2021,$17.82,33615510,$17.63,$17.90,$17.51
02/12/2021,$17.27,27522540,$17.01,$17.49,$16.92
02/11/2021,$16.99,38746350,$17.30,$17.40,$16.79
02/10/2021,$17.41,28503040,$17.55,$17.675,$17.27
02/09/2021,$17.44,29972940,$17.735,$17.76,$17.335
02/08/2021,$17.77,44177520,$17.32,$18.09,$17.24
02/05/2021,$17.19,30910230,$17.60,$17.67,$17.07
02/04/2021,$17.40,37606820,$17.475,$17.59,$17.305
02/03/2021,$17.60,61414800,$16.61,$17.72,$16.49
02/02/2021,$16.59,39287770,$17.03,$17.2599,$16.55
02/01/2021,$16.84,49436030,$17.25,$17.33,$16.33
01/29/2021,$17.17,113054800,$18.69,$18.73,$16.75
01/28/2021,$18.10,319607600,$20.33,$21.77,$16.82
01/27/2021,$16.56,178529000,$15.42,$17.81,$15.38
01/26/2021,$15.53,44571080,$15.52,$15.765,$15.33
01/25/2021,$15.43,61954500,$15.52,$15.56,$15.02
01/22/2021,$15.82,39126570,$15.57,$15.84,$15.46
01/21/2021,$15.83,50726590,$15.99,$16.22,$15.56
01/20/2021,$16.17,42354450,$16.17,$16.39,$15.8408
01/19/2021,$15.97,39740240,$15.99,$16.27,$15.89
01/15/2021,$15.76,55175840,$16.17,$16.28,$15.735
01/14/2021,$16.44,79900860,$15.83,$16.60,$15.82
01/13/2021,$15.53,42629320,$15.29,$15.63,$15.11
01/12/2021,$15.38,45742440,$15.075,$15.43,$14.88
01/11/2021,$15.00,40701330,$14.82,$15.04,$14.71
01/08/2021,$15.13,55656360,$15.43,$15.53,$15.00
01/07/2021,$15.38,48187870,$15.67,$15.87,$15.38
01/06/2021,$15.52,63707970,$15.45,$15.80,$15.17
01/05/2021,$15.43,53368180,$14.92,$15.63,$14.87
01/04/2021,$15.13,69732470,$15.85,$15.88,$15.03
12/31/2020,$15.77,57891080,$16.08,$16.09,$15.625
12/30/2020,$16.15,49520150,$15.85,$16.20,$15.72
12/29/2020,$15.86,51559540,$16.32,$16.41,$15.75
12/28/2020,$16.06,61099040,$15.97,$16.46,$15.91
12/24/2020,$15.66,31048910,$16.04,$16.04,$15.53
12/23/2020,$15.89,62603760,$15.51,$16.17,$15.50
12/22/2020,$15.48,75439220,$16.34,$16.38,$15.45
12/21/2020,$16.10,87243770,$15.77,$16.24,$15.56
12/18/2020,$16.51,74782780,$16.735,$16.735,$16.29
12/17/2020,$16.80,49386340,$16.948,$16.99,$16.65
12/16/2020,$16.86,59232620,$16.88,$17.04,$16.58
12/15/2020,$17.01,89217040,$16.99,$17.06,$16.16
12/14/2020,$16.70,88139880,$17.52,$17.81,$16.68
12/11/2020,$17.05,106957300,$17.82,$17.91,$16.81
12/10/2020,$17.99,86395160,$16.75,$18.04,$16.67
12/09/2020,$17.16,138508300,$18.37,$18.63,$16.63
12/08/2020,$17.63,95855350,$17.47,$17.92,$17.16
12/07/2020,$17.21,157231900,$16.54,$18.07,$16.47
12/04/2020,$16.40,117387600,$16.40,$16.93,$16.12
12/03/2020,$16.09,169287200,$15.19,$16.50,$15.16
12/02/2020,$14.86,76032750,$14.16,$14.86,$13.85
12/01/2020,$14.27,76388160,$14.42,$14.78,$14.24
11/30/2020,$14.13,97536340,$14.92,$14.96,$13.93
11/27/2020,$14.98,66066370,$15.12,$15.56,$14.95
11/25/2020,$14.94,101052500,$14.77,$15.08,$14.37
11/24/2020,$14.82,156501000,$14.32,$14.97,$14.08
11/23/2020,$13.56,100764000,$12.75,$13.58,$12.69
11/20/2020,$12.53,58685530,$12.80,$12.91,$12.46
11/19/2020,$12.79,58809390,$12.73,$13.04,$12.63
11/18/2020,$12.74,99888520,$12.91,$13.36,$12.73
11/17/2020,$12.70,61956500,$12.48,$12.81,$12.23
11/16/2020,$12.79,104867800,$12.87,$12.96,$12.41
11/13/2020,$12.24,56775110,$11.91,$12.25,$11.85
11/12/2020,$11.74,75726780,$11.97,$12.23,$11.65
11/11/2020,$12.04,81359580,$12.40,$12.46,$11.93
11/10/2020,$12.38,127529300,$12.85,$13.02,$12.34
11/09/2020,$13.20,231326200,$14.33,$14.41,$12.75
11/06/2020,$11.46,36703680,$11.44,$11.51,$11.275
11/05/2020,$11.60,54890790,$11.12,$11.67,$11.09
11/04/2020,$11.005,45281330,$11.21,$11.31,$10.93
11/03/2020,$11.25,43775220,$11.34,$11.45,$11.15
11/02/2020,$11.19,41094540,$11.32,$11.34,$10.87
10/30/2020,$11.28,51348330,$11.06,$11.415,$10.98
10/29/2020,$11.16,44070630,$10.96,$11.29,$10.89
10/28/2020,$10.95,64399820,$10.89,$11.16,$10.63
10/27/2020,$11.23,65803390,$11.77,$11.79,$11.20
10/26/2020,$11.80,85349600,$12.39,$12.45,$11.67
10/23/2020,$12.60,90787920,$13.07,$13.08,$12.42
10/22/2020,$13.15,90788940,$12.60,$13.29,$12.42
10/21/2020,$12.745,37503570,$12.69,$12.87,$12.55
10/20/2020,$12.80,46748760,$12.75,$13.00,$12.585
10/19/2020,$12.56,50560700,$12.64,$12.865,$12.45
10/16/2020,$12.46,32717330,$12.306,$12.56,$12.20
10/15/2020,$12.23,33776120,$12.22,$12.30,$11.97
10/14/2020,$12.36,37647680,$12.35,$12.57,$12.29
10/13/2020,$12.22,63372170,$12.59,$12.64,$12.20
10/12/2020,$12.92,39852460,$13.14,$13.17,$12.90
10/09/2020,$13.20,65280960,$13.25,$13.49,$12.95
10/08/2020,$13.155,88851670,$13.33,$13.68,$12.725
10/07/2020,$13.07,61274200,$12.98,$13.18,$12.81
10/06/2020,$12.53,85252370,$13.28,$13.44,$12.46
10/05/2020,$13.12,53465540,$13.09,$13.20,$12.75
10/02/2020,$13.00,111883300,$12.05,$13.35,$12.00
10/01/2020,$12.58,48841980,$12.45,$12.77,$12.35
09/30/2020,$12.29,65428130,$12.32,$12.915,$12.22
09/29/2020,$12.25,47209580,$12.59,$12.66,$12.11
09/28/2020,$12.76,63558210,$12.74,$13.15,$12.49
09/25/2020,$12.29,43763990,$11.76,$12.31,$11.71
09/24/2020,$11.77,49163170,$11.74,$12.00,$11.22
09/23/2020,$11.93,45292580,$12.53,$12.74,$11.91
09/22/2020,$12.34,33013430,$12.30,$12.50,$12.18
09/21/2020,$12.21,60604450,$12.82,$12.98,$12.08
09/18/2020,$13.19,56403560,$13.51,$13.59,$13.03
09/17/2020,$13.63,50194420,$13.50,$14.08,$13.36
09/16/2020,$13.80,75458870,$13.21,$13.96,$12.98
09/15/2020,$13.14,38958830,$13.2686,$13.66,$13.0823
09/14/2020,$13.26,39859100,$13.02,$13.29,$12.90
09/11/2020,$12.95,43916720,$13.08,$13.08,$12.68
09/10/2020,$13.005,52318550,$13.21,$13.49,$12.97
09/09/2020,$13.05,79030170,$13.48,$13.58,$12.80
09/08/2020,$13.63,72746020,$13.36,$14.16,$13.15
09/04/2020,$13.61,64936960,$13.65,$13.82,$12.96
09/03/2020,$13.36,86390770,$13.40,$14.07,$13.03
09/02/2020,$13.23,58889580,$12.94,$13.34,$12.67
09/01/2020,$13.10,72987500,$12.86,$13.84,$12.66
08/31/2020,$13.05,45917160,$13.60,$13.74,$13.05
08/28/2020,$13.59,54516380,$13.59,$13.63,$13.23
08/27/2020,$13.28,108835700,$13.43,$14.26,$13.12
08/26/2020,$12.785,44056800,$13.11,$13.15,$12.70
08/25/2020,$13.14,79053360,$13.69,$14.02,$12.77
08/24/2020,$13.44,102685700,$12.44,$13.48,$12.27
08/21/2020,$12.16,35822850,$12.439,$12.63,$12.09
08/20/2020,$12.50,41956630,$12.38,$12.67,$12.26
08/19/2020,$12.68,59266530,$12.65,$13.44,$12.58
08/18/2020,$12.60,33322270,$12.60,$12.88,$12.51
08/17/2020,$12.62,56206580,$13.32,$13.38,$12.61
08/14/2020,$13.33,45670200,$13.11,$13.56,$13.01
08/13/2020,$13.30,47772770,$13.19,$13.90,$13.11
08/12/2020,$13.54,77639160,$14.03,$14.06,$13.10
08/11/2020,$13.73,127879300,$15.02,$15.10,$13.55
08/10/2020,$14.00,121073900,$13.29,$14.31,$13.21
08/07/2020,$13.03,61700720,$12.86,$13.16,$12.58
08/06/2020,$13.04,131280100,$13.04,$13.29,$12.47
08/05/2020,$12.56,118704400,$11.84,$12.85,$11.55
08/04/2020,$11.47,54824450,$11.21,$11.88,$11.16
08/03/2020,$11.08,48263990,$11.07,$11.235,$10.71
07/31/2020,$11.12,51835520,$11.16,$11.25,$10.80
07/30/2020,$11.18,40525120,$11.22,$11.39,$11.12
07/29/2020,$11.40,52214560,$11.80,$11.92,$11.30
07/28/2020,$11.77,62356560,$11.37,$11.995,$11.36
07/27/2020,$11.39,69451720,$11.48,$11.7938,$11.18
07/24/2020,$11.39,53761420,$11.67,$11.82,$11.34
07/23/2020,$11.77,115574800,$11.27,$12.41,$11.01
07/22/2020,$11.36,42461300,$11.38,$11.67,$11.30
07/21/2020,$11.47,64721990,$11.57,$11.79,$11.28
07/20/2020,$11.47,64109610,$11.93,$12.51,$11.35
07/17/2020,$11.91,67934120,$12.48,$12.60,$11.89
07/16/2020,$12.45,81513990,$12.80,$13.07,$12.29
07/15/2020,$13.44,135444400,$12.45,$13.48,$12.21
07/14/2020,$11.57,49888210,$11.32,$11.84,$11.215
07/13/2020,$11.63,67580250,$12.13,$12.27,$11.4501
07/10/2020,$11.94,90450830,$11.00,$11.95,$10.98
07/09/2020,$11.18,77131190,$11.94,$11.94,$11.15
07/08/2020,$11.99,85034480,$11.60,$12.08,$11.43
07/07/2020,$11.91,77998110,$12.51,$12.54,$11.91
07/06/2020,$12.80,79312920,$12.80,$12.92,$12.21
07/02/2020,$12.50,86439530,$13.35,$13.42,$12.42
07/01/2020,$12.81,116661700,$13.48,$14.29,$12.631
06/30/2020,$13.07,69607730,$13.10,$13.48,$12.88
06/29/2020,$13.32,115051100,$12.57,$13.51,$12.02
06/26/2020,$12.38,108813000,$13.20,$13.285,$12.13
06/25/2020,$13.17,117383400,$12.53,$13.24,$12.18
06/24/2020,$13.04,140975500,$13.59,$13.90,$12.83
06/23/2020,$14.00,204022300,$13.76,$14.29,$13.71
06/22/2020,$14.92,118994500,$14.90,$15.52,$14.72
06/19/2020,$16.00,92320180,$16.89,$16.94,$15.415
06/18/2020,$16.49,64265330,$16.37,$17.07,$16.28
06/17/2020,$16.98,71706660,$16.76,$17.045,$16.155
06/16/2020,$17.03,127369700,$18.36,$18.44,$16.55
06/15/2020,$16.70,122904100,$15.27,$17.17,$15.08
06/12/2020,$16.74,161101800,$16.82,$17.31,$15.67
06/11/2020,$14.38,124220800,$14.61,$15.68,$14.07
06/10/2020,$17.02,163952500,$17.69,$18.16,$15.9201
06/09/2020,$18.55,111234400,$18.45,$18.97,$17.61
06/08/2020,$20.31,175418900,$19.86,$20.36,$19.13
06/05/2020,$18.59,428617100,$21.25,$22.80,$17.80
06/04/2020,$16.72,399432600,$12.85,$18.18,$12.63
06/03/2020,$11.85,86685280,$11.56,$12.20,$11.44
06/02/2020,$11.22,49148570,$11.40,$11.64,$10.9735
06/01/2020,$11.11,50681600,$10.79,$11.33,$10.62
05/29/2020,$10.50,59054710,$10.48,$10.87,$10.32
05/28/2020,$10.98,70811410,$11.78,$11.83,$10.90
05/27/2020,$11.98,99314750,$12.43,$12.55,$11.07
05/26/2020,$11.14,101717000,$10.27,$11.28,$10.25
05/22/2020,$9.70,37596760,$10.02,$10.12,$9.63
05/21/2020,$9.89,45785720,$9.87,$10.15,$9.83
05/20/2020,$9.87,44006730,$9.91,$10.14,$9.77
05/19/2020,$9.64,62242480,$10.14,$10.19,$9.59
05/18/2020,$9.87,76624410,$9.62,$9.94,$9.36
05/15/2020,$9.04,39560530,$8.85,$9.36,$8.76
05/14/2020,$9.15,72320520,$8.77,$9.19,$8.25
05/13/2020,$9.11,68704640,$9.52,$9.53,$8.83
05/12/2020,$9.65,46833140,$10.01,$10.20,$9.60
05/11/2020,$10.10,48705950,$9.92,$10.25,$9.59
05/08/2020,$10.14,59649750,$9.78,$10.15,$9.68
05/07/2020,$9.54,61817000,$9.30,$9.80,$9.29
05/06/2020,$9.25,68990970,$9.58,$9.73,$9.09
05/05/2020,$9.51,86943950,$10.26,$10.38,$9.50
05/04/2020,$9.82,125580000,$9.41,$10.17,$9.15
05/01/2020,$10.64,99441400,$11.41,$11.66,$10.58
04/30/2020,$12.01,94921440,$11.92,$12.59,$11.26
04/29/2020,$12.63,113669400,$12.10,$12.89,$12.02
04/28/2020,$11.26,114643000,$10.29,$11.63,$10.21
04/27/2020,$10.02,67378760,$10.53,$10.53,$10.00
04/24/2020,$10.31,67234910,$10.40,$10.50,$9.90
04/23/2020,$10.25,54598510,$10.36,$10.67,$10.24
04/22/2020,$10.27,76320110,$11.09,$11.13,$10.015
04/21/2020,$11.00,49882260,$10.795,$11.22,$10.70
04/20/2020,$11.06,58984770,$11.15,$11.35,$10.72
04/17/2020,$11.57,61279470,$11.87,$11.945,$11.50
04/16/2020,$11.07,83626980,$11.91,$12.03,$11.05
04/15/2020,$12.29,124719900,$12.52,$12.69,$11.39
04/14/2020,$11.945,68039490,$12.22,$12.60,$11.75
04/13/2020,$11.56,73385530,$12.90,$12.95,$11.25
04/09/2020,$12.51,117592800,$12.64,$13.40,$11.82
04/08/2020,$11.33,82718690,$10.91,$11.40,$10.50
04/07/2020,$10.22,138061000,$11.07,$12.20,$10.05
04/06/2020,$9.50,94272310,$9.72,$9.94,$9.11
04/03/2020,$9.39,87018880,$10.34,$10.49,$9.09
04/02/2020,$10.06,65534610,$10.61,$11.03,$10.00
04/01/2020,$10.69,56854450,$11.45,$11.48,$10.50
03/31/2020,$12.19,44851440,$12.90,$12.96,$12.10
03/30/2020,$12.25,50516760,$13.20,$13.22,$11.81
03/27/2020,$14.04,50783460,$14.98,$15.22,$13.91
03/26/2020,$15.66,77627480,$16.06,$17.24,$15.16
03/25/2020,$15.39,93795090,$16.69,$16.99,$14.31
03/24/2020,$13.92,101553100,$11.9565,$14.81,$11.5401
03/23/2020,$10.25,56427280,$10.90,$11.36,$10.01
03/20/2020,$10.38,62681780,$10.653,$12.00,$10.30
03/19/2020,$10.29,71584500,$11.60,$12.16,$10.01
03/18/2020,$11.65,78458780,$14.24,$14.28,$10.17
03/17/2020,$15.58,58055820,$15.785,$18.49,$14.79
03/16/2020,$15.92,84916840,$12.407,$16.20,$12.00
03/13/2020,$14.31,58376120,$15.30,$15.60,$13.12
03/12/2020,$13.45,53968490,$14.05,$15.75,$13.33
03/11/2020,$16.26,43778180,$16.31,$16.49,$15.52
03/10/2020,$17.00,56972740,$15.82,$17.67,$14.61
03/09/2020,$14.75,42558020,$14.87,$15.79,$14.46
03/06/2020,$15.97,54504970,$15.02,$17.12,$14.80
03/05/2020,$16.04,44656810,$17.54,$17.65,$15.98
03/04/2020,$18.53,44362090,$18.36,$18.55,$17.30
03/03/2020,$17.85,35402450,$19.66,$19.79,$17.80
03/02/2020,$18.86,38738000,$19.05,$19.06,$17.51
02/28/2020,$19.05,37166400,$19.80,$20.35,$18.77
02/27/2020,$20.60,31897330,$20.85,$22.48,$19.77
02/26/2020,$22.31,19631370,$23.57,$23.75,$22.11
02/25/2020,$23.12,22296880,$25.62,$25.75,$23.05
02/24/2020,$25.45,21713200,$25.98,$26.11,$25.00
02/21/2020,$27.82,11256490,$28.12,$28.30,$27.17
02/20/2020,$28.51,10093420,$28.24,$28.90,$28.2024
02/19/2020,$28.33,8401025,$28.84,$28.88,$28.31
02/18/2020,$28.63,10486460,$29.04,$29.345,$28.49
02/14/2020,$29.20,5524788,$30.01,$30.27,$29.14
02/13/2020,$30.09,9119433,$30.03,$30.40,$29.73
02/12/2020,$30.47,9315375,$30.00,$30.78,$29.99
02/11/2020,$29.84,8977738,$29.06,$29.94,$28.97
02/10/2020,$28.79,15134340,$28.19,$28.81,$27.98
02/07/2020,$28.38,6231754,$28.06,$28.55,$27.78
02/06/2020,$28.30,8335783,$29.26,$29.4498,$28.14
02/05/2020,$29.10,8959684,$28.96,$29.24,$28.545
02/04/2020,$28.43,10832930,$27.68,$28.61,$27.55
02/03/2020,$27.16,7631879,$26.93,$27.67,$26.74
01/31/2020,$26.84,11027940,$27.50,$27.52,$26.59
01/30/2020,$27.72,10685470,$26.30,$27.79,$26.26
01/29/2020,$26.80,9094411,$26.88,$27.49,$26.74
01/28/2020,$26.90,11939170,$26.36,$27.115,$26.26
01/27/2020,$26.11,21573810,$26.57,$26.60,$25.37
01/24/2020,$27.64,18067790,$28.85,$28.8612,$27.01
01/23/2020,$28.80,25611120,$27.39,$28.99,$26.04
01/22/2020,$27.32,9852593,$27.51,$27.91,$27.30
01/21/2020,$27.20,16409420,$27.97,$27.99,$27.05
01/17/2020,$28.40,7379424,$28.30,$28.72,$28.06
01/16/2020,$28.23,6442847,$27.79,$28.26,$27.76
01/15/2020,$27.58,5689926,$27.45,$28.06,$27.32
01/14/2020,$27.53,8890948,$27.91,$28.40,$27.35
01/13/2020,$27.39,5880251,$27.32,$27.53,$27.155
01/10/2020,$27.32,8108419,$27.96,$27.99,$27.25
01/09/2020,$27.95,6901065,$28.09,$28.23,$27.71
01/08/2020,$27.84,10497300,$27.10,$28.09,$27.07
01/07/2020,$27.22,6197079,$27.56,$27.68,$27.06
01/06/2020,$27.32,6108646,$27.19,$27.4901,$27.08
01/03/2020,$27.65,14019970,$28.27,$28.29,$27.34
01/02/2020,$29.09,6275633,$28.98,$29.295,$28.65
12/31/2019,$28.68,4397331,$28.20,$28.79,$28.19
12/30/2019,$28.30,4940611,$28.50,$28.532,$28.065
12/27/2019,$28.44,8419552,$29.76,$29.8092,$28.36
12/26/2019,$29.67,4747397,$29.32,$29.71,$29.26
12/24/2019,$29.18,2373608,$29.32,$29.43,$29.10
12/23/2019,$29.30,9291453,$29.25,$29.72,$29.20
12/20/2019,$29.04,12283160,$28.67,$29.05,$28.49
12/19/2019,$28.55,6295123,$28.00,$28.57,$27.93
12/18/2019,$28.00,4634055,$28.35,$28.57,$27.93
12/17/2019,$28.28,5920693,$27.97,$28.48,$27.86
12/16/2019,$27.92,6997861,$27.62,$28.35,$27.60
12/13/2019,$27.48,5965334,$27.93,$28.13,$27.365
12/12/2019,$27.72,9651944,$27.09,$28.02,$26.95
12/11/2019,$26.86,5435419,$27.08,$27.10,$26.68
12/10/2019,$27.00,7541746,$27.55,$27.625,$26.90
12/09/2019,$27.49,4532901,$27.62,$27.83,$27.457
12/06/2019,$27.725,6094102,$27.50,$27.96,$27.47
12/05/2019,$27.24,4997239,$27.46,$27.568,$27.05
12/04/2019,$27.38,4806046,$27.42,$27.755,$27.22
12/03/2019,$27.29,7801699,$27.73,$27.77,$26.96
12/02/2019,$28.08,6851478,$28.79,$28.9938,$28.01
