Date,Numbers
4/14/2020,"113,147"
4/21/2020,"114,969"
4/15/2020,"115,294"
4/12/2020,"116,399"
4/16/2020,"119,067"
4/18/2020,"119,121"
4/11/2020,"119,155"
4/22/2020,"121,886"
4/20/2020,"123,081"
4/8/2020,"123,522"
4/7/2020,"126,847"
4/19/2020,"128,831"
4/13/2020,"129,582"
4/25/2020,"130,319"
4/17/2020,"130,512"
4/9/2020,"132,378"
4/28/2020,"133,570"
4/23/2020,"135,267"
4/10/2020,"137,131"
4/6/2020,"142,138"
4/29/2020,"142,801"
4/27/2020,"143,129"
4/24/2020,"147,394"
5/5/2020,"149,037"
4/26/2020,"151,489"
4/4/2020,"151,716"
5/2/2020,"154,946"
4/5/2020,"156,759"
5/6/2020,"159,615"
4/2/2020,"160,826"
4/3/2020,"166,046"
4/1/2020,"176,239"
4/30/2020,"179,226"
5/12/2020,"181,660"
5/4/2020,"185,877"
5/9/2020,"187,868"
3/31/2020,"190,163"
5/3/2020,"192,411"
5/1/2020,"197,509"
3/30/2020,"197,539"
5/13/2020,"199,090"
5/19/2020,"209,801"
5/7/2020,"211,459"
5/16/2020,"213,026"
5/10/2020,"220,928"
3/29/2020,"223,165"
3/28/2020,"226,850"
5/8/2020,"236,617"
5/11/2020,"236,767"
3/27/2020,"244,702"
5/20/2020,"251,460"
3/26/2020,"252,039"
5/14/2020,"256,056"
5/18/2020,"267,220"
5/15/2020,"272,250"
5/23/2020,"273,131"
5/17/2020,"276,409"
5/27/2020,"283,387"
5/26/2020,"286,142"
3/25/2020,"288,459"
6/2/2020,"289,197"
5/24/2020,"289,435"
5/30/2020,"292,702"
6/3/2020,"326,891"
3/24/2020,"330,808"
5/21/2020,"342,995"
5/28/2020,"345,958"
5/29/2020,"352,970"
6/9/2020,"363,854"
5/25/2020,"364,592"
5/22/2020,"373,069"
6/6/2020,"376,823"
5/31/2020,"377,409"
6/1/2020,"379,146"
3/23/2020,"388,154"
6/10/2020,"413,090"
6/4/2020,"418,820"
6/16/2020,"444,922"
6/5/2020,"446,140"
6/8/2020,"458,552"
6/13/2020,"463,244"
6/7/2020,"468,465"
6/17/2020,"469,224"
7/4/2020,"495,309"
6/23/2020,"499,884"
1/26/2021,"508,467"
3/22/2020,"510,881"
6/24/2020,"525,061"
6/30/2020,"530,448"
6/11/2020,"531,092"
2/2/2021,"532,690"
6/20/2020,"536,012"
12/8/2020,"537,445"
6/12/2020,"548,394"
9/1/2020,"554,679"
9/15/2020,"557,373"
1/12/2021,"557,517"
8/25/2020,"562,515"
11/26/2020,"562,697"
6/15/2020,"565,170"
7/21/2020,"567,459"
7/28/2020,"573,466"
6/14/2020,"573,722"
1/27/2021,"574,099"
6/27/2020,"575,227"
8/26/2020,"578,447"
7/14/2020,"579,774"
1/20/2021,"581,771"
8/4/2020,"583,261"
9/22/2020,"586,414"
1/19/2021,"597,159"
8/11/2020,"598,854"
12/9/2020,"601,319"
8/18/2020,"604,934"
9/29/2020,"605,277"
1/13/2021,"605,887"
6/18/2020,"607,355"
3/21/2020,"608,846"
7/22/2020,"609,254"
11/3/2020,"610,286"
7/29/2020,"612,033"
11/17/2020,"613,745"
9/16/2020,"614,309"
12/15/2020,"617,134"
9/2/2020,"617,448"
2/9/2021,"617,701"
6/19/2020,"618,968"
2/3/2021,"619,345"
6/21/2020,"621,523"
10/6/2020,"624,953"
7/15/2020,"626,707"
8/19/2020,"627,140"
8/12/2020,"630,650"
8/29/2020,"631,636"
11/10/2020,"634,852"
8/5/2020,"638,378"
6/22/2020,"639,816"
1/23/2021,"644,793"
9/23/2020,"645,143"
9/12/2020,"650,936"
10/31/2020,"652,126"
9/9/2020,"654,713"
6/25/2020,"655,228"
1/30/2021,"656,800"
6/29/2020,"657,778"
7/1/2020,"659,820"
6/28/2020,"662,853"
6/26/2020,"664,665"
8/22/2020,"665,145"
3/20/2020,"669,314"
12/5/2020,"669,579"
7/8/2020,"669,730"
2/1/2021,"671,916"
12/2/2020,"672,765"
11/4/2020,"673,086"
9/30/2020,"673,484"
9/19/2020,"676,079"
7/7/2020,"678,147"
12/16/2020,"679,523"
12/25/2020,"683,838"
10/27/2020,"684,389"
7/18/2020,"685,084"
7/25/2020,"687,244"
3/19/2020,"694,364"
9/26/2020,"695,777"
7/11/2020,"696,262"
10/20/2020,"699,330"
9/5/2020,"700,693"
12/12/2020,"702,110"
11/18/2020,"704,044"
10/7/2020,"705,110"
10/28/2020,"705,190"
1/6/2021,"705,249"
2/6/2021,"707,510"
10/3/2020,"713,537"
11/11/2020,"713,636"
10/13/2020,"716,582"
2/23/2021,"717,867"
8/8/2020,"723,834"
11/7/2020,"728,410"
1/16/2021,"729,703"
9/6/2020,"730,258"
8/15/2020,"730,296"
10/21/2020,"732,146"
2/10/2021,"735,556"
7/20/2020,"737,239"
11/14/2020,"737,242"
7/13/2020,"738,985"
7/27/2020,"740,892"
2/16/2021,"742,396"
9/8/2020,"742,411"
1/25/2021,"744,876"
3/2/2021,"744,939"
12/7/2020,"745,818"
7/23/2020,"746,766"
7/16/2020,"747,054"
8/1/2020,"749,886"
1/11/2021,"750,407"
1/9/2021,"750,419"
7/9/2020,"751,153"
7/10/2020,"752,434"
7/3/2020,"752,884"
10/14/2020,"755,121"
8/31/2020,"756,726"
7/30/2020,"758,065"
7/17/2020,"761,376"
8/27/2020,"766,347"
7/5/2020,"767,395"
7/24/2020,"767,540"
9/14/2020,"770,933"
8/24/2020,"771,014"
1/21/2021,"772,086"
9/11/2020,"772,564"
2/17/2021,"774,699"
12/3/2020,"779,941"
8/3/2020,"781,705"
12/1/2020,"783,563"
8/28/2020,"783,647"
8/6/2020,"787,584"
7/19/2020,"788,109"
7/26/2020,"790,716"
7/6/2020,"793,785"
1/28/2021,"794,944"
12/14/2020,"794,950"
10/24/2020,"795,028"
12/4/2020,"795,221"
12/10/2020,"795,786"
9/10/2020,"795,943"
7/12/2020,"796,350"
1/22/2021,"799,000"
7/2/2020,"800,456"
2/24/2021,"804,473"
8/13/2020,"805,456"
8/7/2020,"806,204"
8/10/2020,"806,300"
10/10/2020,"807,471"
1/5/2021,"807,837"
8/21/2020,"808,086"
7/31/2020,"810,309"
9/21/2020,"812,782"
1/7/2021,"814,928"
8/20/2020,"815,710"
1/8/2021,"816,271"
8/17/2020,"818,133"
1/29/2021,"818,691"
11/27/2020,"821,789"
2/4/2021,"822,488"
3/9/2021,"826,091"
3/3/2021,"826,947"
10/17/2020,"827,049"
9/17/2020,"827,439"
8/14/2020,"827,588"
12/11/2020,"831,174"
9/28/2020,"839,120"
8/2/2020,"841,585"
3/18/2020,"847,827"
1/14/2021,"848,662"
1/1/2021,"849,514"
8/30/2020,"850,262"
9/13/2020,"850,789"
1/17/2021,"852,305"
9/18/2020,"853,578"
2/7/2021,"854,869"
10/5/2020,"857,900"
2/8/2021,"867,476"
9/24/2020,"868,664"
8/9/2020,"875,129"
2/5/2021,"876,937"
12/6/2020,"878,711"
11/9/2020,"880,911"
1/24/2021,"882,180"
8/23/2020,"884,572"
12/24/2020,"885,065"
11/2/2020,"885,858"
9/25/2020,"887,865"
9/20/2020,"888,597"
11/16/2020,"888,924"
10/1/2020,"898,999"
10/2/2020,"899,602"
12/17/2020,"901,503"
2/13/2021,"902,559"
1/31/2021,"903,496"
8/16/2020,"905,182"
12/13/2020,"906,851"
11/5/2020,"906,892"
11/19/2020,"909,515"
11/12/2020,"912,775"
9/27/2020,"912,853"
10/29/2020,"914,353"
12/31/2020,"914,456"
2/18/2021,"915,532"
11/23/2020,"919,387"
2/27/2021,"919,593"
9/3/2020,"920,650"
1/18/2021,"921,897"
11/13/2020,"926,908"
1/10/2021,"929,661"
10/30/2020,"934,827"
11/6/2020,"937,619"
10/26/2020,"940,208"
10/4/2020,"940,229"
2/20/2021,"943,723"
1/15/2021,"945,703"
2/14/2021,"950,106"
11/24/2020,"959,178"
10/19/2020,"963,188"
2/22/2021,"964,168"
11/28/2020,"966,412"
2/15/2021,"972,683"
3/10/2021,"974,236"
9/7/2020,"975,969"
11/1/2020,"978,012"
10/22/2020,"978,486"
10/8/2020,"979,780"
11/30/2020,"986,538"
11/21/2020,"987,446"
10/15/2020,"993,602"
3/6/2021,"994,275"
10/12/2020,"1,000,148"
10/23/2020,"1,002,285"
12/21/2020,"1,002,953"
9/4/2020,"1,011,740"
10/9/2020,"1,012,171"
10/16/2020,"1,015,559"
11/8/2020,"1,018,164"
11/15/2020,"1,024,079"
10/25/2020,"1,024,734"
10/11/2020,"1,025,511"
11/20/2020,"1,027,055"
3/17/2020,"1,029,164"
2/11/2021,"1,036,723"
12/22/2020,"1,043,366"
3/1/2021,"1,049,769"
11/22/2020,"1,049,921"
2/25/2021,"1,054,777"
2/19/2021,"1,062,561"
1/25/2022,"1,063,856"
12/29/2020,"1,069,787"
1/29/2022,"1,070,815"
10/18/2020,"1,073,202"
11/25/2020,"1,074,824"
4/27/2021,"1,083,183"
4/20/2021,"1,087,776"
3/23/2021,"1,090,056"
3/16/2021,"1,092,791"
4/13/2021,"1,093,419"
2/26/2021,"1,097,941"
3/4/2021,"1,107,943"
12/20/2020,"1,111,609"
2/21/2021,"1,119,216"
3/8/2021,"1,119,372"
12/19/2020,"1,121,855"
12/18/2020,"1,121,876"
1/11/2022,"1,129,725"
1/4/2021,"1,130,546"
3/30/2021,"1,139,738"
5/4/2021,"1,140,584"
3/17/2021,"1,146,638"
4/14/2021,"1,154,820"
2/12/2021,"1,155,618"
12/28/2020,"1,161,059"
4/21/2021,"1,167,282"
3/5/2021,"1,169,237"
3/24/2021,"1,177,731"
11/29/2020,"1,179,933"
12/26/2020,"1,181,793"
4/28/2021,"1,187,046"
2/28/2021,"1,192,326"
2/2/2022,"1,196,728"
4/6/2021,"1,200,572"
1/26/2022,"1,200,998"
1/19/2022,"1,201,589"
2/1/2022,"1,203,689"
12/30/2020,"1,215,423"
3/13/2021,"1,228,317"
4/7/2021,"1,234,454"
1/12/2022,"1,234,827"
2/8/2022,"1,239,137"
12/23/2020,"1,244,556"
1/22/2022,"1,246,901"
1/2/2021,"1,246,953"
4/24/2021,"1,267,678"
3/15/2021,"1,268,273"
5/5/2021,"1,272,679"
9/14/2021,"1,276,190"
3/7/2021,"1,278,653"
4/17/2021,"1,282,409"
3/31/2021,"1,282,646"
3/11/2021,"1,287,040"
1/18/2022,"1,301,256"
5/11/2021,"1,320,930"
3/16/2020,"1,325,097"
12/27/2020,"1,334,030"
9/28/2021,"1,336,835"
9/21/2021,"1,340,357"
5/1/2021,"1,340,793"
2/3/2022,"1,342,502"
3/14/2021,"1,347,204"
8/31/2021,"1,351,765"
3/22/2021,"1,364,921"
9/11/2021,"1,369,377"
3/20/2021,"1,375,030"
1/3/2021,"1,381,448"
4/10/2021,"1,382,954"
11/25/2021,"1,383,501"
2/9/2022,"1,390,835"
10/5/2021,"1,394,280"
1/24/2022,"1,399,342"
2/5/2022,"1,399,603"
4/3/2021,"1,404,433"
3/12/2021,"1,410,170"
3/27/2021,"1,413,260"
3/18/2021,"1,413,414"
5/18/2021,"1,414,076"
3/29/2021,"1,415,144"
4/19/2021,"1,419,700"
1/15/2022,"1,421,612"
11/24/2022,"1,426,195"
4/26/2021,"1,427,079"
5/12/2021,"1,434,435"
1/16/2022,"1,438,492"
5/8/2021,"1,439,280"
3/25/2021,"1,449,187"
1/8/2022,"1,450,135"
9/8/2021,"1,450,281"
1/10/2022,"1,453,110"
9/29/2021,"1,453,368"
9/15/2021,"1,457,026"
11/9/2021,"1,459,203"
12/7/2021,"1,465,585"
9/22/2021,"1,466,926"
5/3/2021,"1,470,213"
1/20/2022,"1,470,973"
4/12/2021,"1,473,015"
9/1/2021,"1,473,895"
8/24/2021,"1,474,442"
3/19/2021,"1,478,042"
5/25/2021,"1,478,917"
9/18/2021,"1,483,305"
11/2/2021,"1,492,468"
11/16/2021,"1,494,701"
4/15/2021,"1,496,171"
5/19/2021,"1,500,713"
1/5/2022,"1,501,170"
10/26/2021,"1,509,452"
4/22/2021,"1,512,553"
1/21/2022,"1,514,895"
4/8/2021,"1,515,715"
8/28/2021,"1,515,791"
1/7/2022,"1,518,098"
10/30/2021,"1,518,998"
5/15/2021,"1,520,878"
10/19/2021,"1,525,074"
4/16/2021,"1,526,424"
4/29/2021,"1,528,980"
4/23/2021,"1,529,078"
9/25/2021,"1,529,298"
11/3/2021,"1,533,093"
1/31/2023,"1,534,786"
12/25/2021,"1,535,935"
3/26/2021,"1,536,966"
10/2/2021,"1,538,107"
2/12/2022,"1,538,874"
1/31/2022,"1,539,356"
2/15/2022,"1,541,222"
1/13/2022,"1,543,648"
1/6/2022,"1,543,985"
11/23/2023,"1,547,419"
8/25/2021,"1,548,018"
4/4/2021,"1,548,893"
3/14/2020,"1,549,429"
10/27/2021,"1,553,733"
4/9/2021,"1,555,811"
3/21/2021,"1,556,471"
5/22/2021,"1,558,549"
1/27/2022,"1,560,893"
9/4/2021,"1,561,225"
4/30/2021,"1,565,558"
1/24/2023,"1,567,069"
4/1/2021,"1,567,562"
4/11/2021,"1,567,936"
4/5/2021,"1,569,756"
12/4/2021,"1,571,068"
4/25/2021,"1,573,593"
4/18/2021,"1,574,791"
6/8/2021,"1,574,822"
10/6/2021,"1,576,263"
3/28/2021,"1,580,233"
2/4/2022,"1,583,678"
11/6/2021,"1,584,913"
3/15/2020,"1,585,264"
4/2/2021,"1,588,784"
12/14/2021,"1,590,394"
11/28/2019,"1,591,158"
2/7/2022,"1,592,651"
6/2/2021,"1,598,873"
1/29/2019,"1,605,701"
2/1/2023,"1,608,110"
8/17/2021,"1,612,933"
5/29/2021,"1,614,785"
1/1/2022,"1,616,850"
11/13/2021,"1,618,028"
12/8/2021,"1,621,499"
2/7/2023,"1,626,257"
5/26/2021,"1,627,422"
5/2/2021,"1,630,261"
9/5/2021,"1,633,547"
11/17/2021,"1,634,212"
1/28/2022,"1,634,225"
1/26/2019,"1,637,770"
3/1/2022,"1,638,699"
8/30/2021,"1,641,333"
5/6/2021,"1,647,819"
1/23/2022,"1,649,090"
10/20/2021,"1,652,011"
1/28/2023,"1,653,401"
3/8/2022,"1,657,723"
12/31/2021,"1,658,357"
2/2/2019,"1,658,417"
10/13/2021,"1,659,052"
5/30/2021,"1,662,359"
1/21/2023,"1,662,736"
5/10/2021,"1,663,855"
1/30/2019,"1,664,554"
1/19/2019,"1,665,747"
10/31/2023,"1,665,839"
9/7/2021,"1,666,629"
12/1/2021,"1,669,185"
2/4/2023,"1,669,806"
2/16/2022,"1,670,550"
1/12/2019,"1,671,503"
12/11/2021,"1,671,592"
1/4/2022,"1,673,499"
9/13/2021,"1,673,501"
1/18/2023,"1,674,129"
1/15/2019,"1,674,596"
2/14/2023,"1,674,639"
1/25/2023,"1,677,909"
1/10/2023,"1,678,250"
10/23/2021,"1,684,418"
6/9/2021,"1,684,912"
3/10/2020,"1,686,927"
6/5/2021,"1,686,932"
8/21/2021,"1,687,357"
9/9/2021,"1,690,239"
6/1/2021,"1,694,578"
2/12/2019,"1,695,994"
7/4/2021,"1,697,422"
8/18/2021,"1,698,840"
6/15/2021,"1,701,213"
10/12/2021,"1,702,427"
11/10/2021,"1,702,552"
1/17/2022,"1,704,328"
5/7/2021,"1,705,282"
1/25/2020,"1,705,850"
10/16/2021,"1,706,852"
1/9/2022,"1,706,857"
1/28/2020,"1,707,733"
5/9/2021,"1,711,460"
12/24/2021,"1,713,351"
2/9/2019,"1,715,486"
1/30/2022,"1,716,055"
2/1/2020,"1,719,082"
1/11/2023,"1,723,117"
9/28/2022,"1,724,121"
2/5/2019,"1,725,457"
10/9/2021,"1,734,033"
8/10/2021,"1,737,189"
2/14/2022,"1,737,532"
3/2/2022,"1,740,923"
1/14/2022,"1,741,376"
5/17/2021,"1,742,325"
2/4/2020,"1,742,605"
3/29/2022,"1,747,597"
1/11/2020,"1,749,697"
5/13/2021,"1,749,910"
12/6/2022,"1,752,091"
5/24/2021,"1,752,297"
9/7/2019,"1,755,502"
2/23/2022,"1,755,527"
1/14/2020,"1,756,374"
8/30/2022,"1,768,473"
12/15/2021,"1,769,605"
2/8/2020,"1,770,241"
3/11/2020,"1,774,150"
8/11/2021,"1,778,638"
11/26/2021,"1,783,938"
2/22/2022,"1,785,417"
3/13/2020,"1,785,451"
2/10/2022,"1,786,323"
2/6/2022,"1,786,681"
12/3/2022,"1,788,666"
5/14/2021,"1,790,431"
2/8/2023,"1,796,332"
5/20/2021,"1,796,354"
9/10/2021,"1,797,588"
12/25/2022,"1,800,463"
6/22/2021,"1,800,947"
10/4/2022,"1,802,567"
1/17/2023,"1,803,155"
1/14/2023,"1,803,651"
6/16/2021,"1,805,340"
1/8/2019,"1,805,496"
3/3/2020,"1,806,256"
11/16/2019,"1,807,230"
2/11/2023,"1,809,116"
12/13/2022,"1,810,814"
1/9/2019,"1,811,152"
8/3/2021,"1,811,428"
2/11/2020,"1,814,047"
9/13/2022,"1,816,435"
12/7/2019,"1,816,896"
8/14/2021,"1,818,071"
6/12/2021,"1,818,203"
11/30/2021,"1,818,492"
6/29/2021,"1,820,725"
2/13/2022,"1,821,279"
6/3/2021,"1,823,395"
9/20/2021,"1,824,666"
2/19/2022,"1,826,833"
5/3/2022,"1,827,782"
2/6/2019,"1,828,932"
9/10/2022,"1,828,963"
8/26/2021,"1,829,300"
8/23/2021,"1,830,076"
10/29/2022,"1,830,454"
3/5/2022,"1,831,741"
5/21/2021,"1,833,181"
12/5/2023,"1,834,118"
12/24/2022,"1,834,551"
9/7/2022,"1,835,889"
11/2/2019,"1,836,781"
1/23/2019,"1,837,029"
6/7/2021,"1,837,383"
7/13/2021,"1,840,503"
9/27/2022,"1,842,212"
1/29/2020,"1,842,526"
2/26/2022,"1,842,536"
2/5/2020,"1,843,877"
1/18/2020,"1,844,437"
1/20/2019,"1,845,674"
10/4/2021,"1,846,687"
10/31/2021,"1,850,278"
4/5/2022,"1,850,647"
3/9/2022,"1,850,986"
9/27/2021,"1,851,991"
12/6/2021,"1,853,893"
1/16/2019,"1,856,214"
9/16/2021,"1,858,720"
3/22/2022,"1,859,077"
8/27/2021,"1,859,603"
5/16/2021,"1,859,924"
3/12/2020,"1,860,802"
2/3/2019,"1,861,198"
12/2/2023,"1,864,999"
6/23/2021,"1,866,027"
5/27/2021,"1,867,067"
8/4/2021,"1,867,373"
1/22/2020,"1,867,782"
10/1/2022,"1,868,495"
4/26/2022,"1,870,392"
3/15/2022,"1,870,647"
1/7/2020,"1,871,059"
7/27/2021,"1,872,237"
5/23/2021,"1,874,277"
12/2/2021,"1,874,481"
1/22/2019,"1,877,634"
9/14/2019,"1,879,822"
1/8/2020,"1,880,834"
7/20/2021,"1,882,824"
4/12/2022,"1,883,285"
12/7/2022,"1,883,346"
5/7/2022,"1,884,883"
4/30/2022,"1,885,701"
12/10/2022,"1,886,068"
6/19/2021,"1,886,401"
3/30/2022,"1,887,509"
9/1/2019,"1,887,845"
9/17/2022,"1,888,228"
8/29/2023,"1,888,361"
8/27/2022,"1,888,903"
9/4/2019,"1,889,044"
2/28/2023,"1,890,744"
7/7/2021,"1,891,781"
11/15/2022,"1,892,613"
11/30/2022,"1,893,497"
6/4/2021,"1,896,190"
7/6/2021,"1,896,755"
11/8/2022,"1,896,916"
11/2/2022,"1,897,396"
9/20/2022,"1,898,568"
11/19/2019,"1,900,895"
4/16/2022,"1,903,886"
9/3/2022,"1,903,950"
8/29/2021,"1,904,152"
3/7/2023,"1,908,536"
5/10/2022,"1,908,906"
10/29/2019,"1,910,506"
5/31/2021,"1,910,828"
9/23/2021,"1,910,871"
3/7/2020,"1,913,768"
9/2/2021,"1,913,865"
9/24/2022,"1,914,884"
4/23/2022,"1,915,707"
1/7/2023,"1,917,290"
2/23/2019,"1,917,781"
2/11/2022,"1,918,436"
7/3/2021,"1,918,985"
2/25/2020,"1,919,803"
7/14/2021,"1,919,907"
12/13/2021,"1,919,994"
10/5/2019,"1,921,185"
1/3/2022,"1,921,966"
4/2/2022,"1,922,516"
2/16/2019,"1,923,760"
11/5/2022,"1,924,975"
10/31/2022,"1,925,032"
6/26/2021,"1,925,933"
8/7/2021,"1,927,576"
10/28/2021,"1,930,016"
10/26/2019,"1,931,971"
1/30/2023,"1,932,983"
12/31/2022,"1,935,413"
1/21/2020,"1,936,023"
2/26/2019,"1,937,469"
6/30/2021,"1,937,606"
9/30/2021,"1,937,665"
1/28/2019,"1,938,084"
9/21/2019,"1,938,402"
7/28/2021,"1,942,685"
9/10/2019,"1,943,379"
1/15/2020,"1,943,701"
11/9/2022,"1,945,183"
11/12/2022,"1,945,373"
7/21/2021,"1,947,336"
11/4/2021,"1,947,471"
11/29/2023,"1,948,492"
9/17/2021,"1,948,844"
2/29/2020,"1,949,696"
2/22/2020,"1,951,535"
8/19/2021,"1,951,656"
3/4/2020,"1,953,782"
3/2/2019,"1,954,068"
12/12/2023,"1,954,074"
11/29/2022,"1,954,785"
8/31/2019,"1,954,902"
12/14/2019,"1,954,965"
12/3/2021,"1,956,238"
11/8/2021,"1,959,106"
4/9/2022,"1,959,523"
1/14/2019,"1,959,989"
8/23/2022,"1,960,482"
9/21/2022,"1,960,592"
5/4/2022,"1,962,832"
12/10/2019,"1,964,234"
9/28/2019,"1,966,234"
8/22/2021,"1,966,708"
9/6/2023,"1,966,818"
11/29/2019,"1,968,137"
5/4/2019,"1,968,278"
5/28/2021,"1,969,075"
12/9/2021,"1,969,493"
9/12/2021,"1,970,138"
1/23/2023,"1,970,280"
11/9/2019,"1,970,562"
3/23/2022,"1,971,979"
2/15/2020,"1,972,248"
12/24/2023,"1,972,309"
12/9/2023,"1,975,896"
9/14/2022,"1,976,151"
9/16/2023,"1,978,051"
6/14/2021,"1,978,110"
11/1/2022,"1,978,549"
9/4/2022,"1,979,923"
3/5/2019,"1,980,296"
10/25/2022,"1,981,651"
4/6/2022,"1,982,006"
3/9/2020,"1,982,627"
5/14/2022,"1,984,654"
2/28/2022,"1,984,773"
8/16/2021,"1,984,827"
11/25/2022,"1,984,980"
6/10/2021,"1,985,698"
5/11/2019,"1,985,942"
1/4/2023,"1,985,965"
2/17/2022,"1,986,581"
9/9/2023,"1,986,960"
4/20/2019,"1,988,205"
2/24/2022,"1,988,432"
4/19/2022,"1,988,681"
10/29/2021,"1,989,947"
4/27/2019,"1,990,464"
9/12/2023,"1,991,959"
6/4/2022,"1,992,251"
8/20/2021,"1,992,705"
9/19/2023,"1,992,774"
7/17/2021,"1,992,789"
7/10/2021,"1,993,017"
12/14/2022,"1,993,063"
6/6/2021,"1,993,494"
10/25/2021,"1,994,218"
12/21/2021,"1,996,071"
10/5/2022,"1,996,446"
12/25/2019,"1,996,541"
8/24/2022,"1,997,252"
1/19/2023,"1,997,346"
3/12/2022,"1,998,129"
12/6/2023,"1,998,620"
5/2/2023,"1,998,688"
10/1/2019,"1,998,980"
5/21/2022,"1,999,651"
4/27/2022,"1,999,806"
3/16/2022,"2,000,210"
5/28/2022,"2,000,335"
9/29/2022,"2,000,766"
12/28/2021,"2,000,891"
10/3/2023,"2,001,087"
11/1/2021,"2,001,864"
10/18/2022,"2,003,403"
10/18/2021,"2,003,439"
11/5/2019,"2,005,101"
10/22/2022,"2,005,659"
9/11/2019,"2,005,867"
2/22/2023,"2,006,058"
7/4/2023,"2,007,441"
11/12/2021,"2,008,291"
11/20/2021,"2,008,922"
7/24/2021,"2,009,417"
8/31/2022,"2,009,736"
1/9/2023,"2,009,868"
2/2/2020,"2,011,645"
4/6/2019,"2,011,715"
9/17/2019,"2,013,050"
8/30/2023,"2,014,332"
1/31/2019,"2,014,515"
8/20/2022,"2,014,843"
8/27/2019,"2,015,088"
4/25/2023,"2,015,155"
10/28/2023,"2,015,907"
8/16/2022,"2,016,730"
2/15/2023,"2,017,144"
7/31/2021,"2,017,941"
10/8/2022,"2,018,002"
11/7/2023,"2,019,225"
3/7/2022,"2,019,553"
10/1/2021,"2,019,716"
4/29/2023,"2,021,030"
3/26/2022,"2,022,231"
11/15/2021,"2,022,347"
6/1/2022,"2,023,231"
2/20/2019,"2,023,523"
11/11/2023,"2,025,517"
9/24/2021,"2,026,013"
1/2/2022,"2,026,176"
4/2/2019,"2,026,256"
3/14/2023,"2,026,905"
12/25/2023,"2,028,266"
12/29/2021,"2,029,343"
1/10/2019,"2,029,644"
2/13/2019,"2,030,560"
5/11/2022,"2,030,630"
1/5/2023,"2,031,976"
8/9/2021,"2,032,871"
9/24/2019,"2,033,490"
9/6/2021,"2,034,282"
4/20/2022,"2,034,403"
5/24/2022,"2,034,843"
11/16/2022,"2,034,880"
10/8/2019,"2,035,628"
11/14/2023,"2,035,761"
6/21/2021,"2,036,775"
10/15/2022,"2,036,937"
9/3/2019,"2,037,750"
3/21/2023,"2,038,001"
1/15/2023,"2,038,119"
2/12/2020,"2,038,375"
3/28/2023,"2,039,138"
8/24/2019,"2,039,233"
2/6/2023,"2,040,256"
3/4/2023,"2,040,488"
12/18/2021,"2,040,879"
12/24/2019,"2,042,078"
5/17/2022,"2,042,144"
1/13/2019,"2,042,237"
2/2/2023,"2,042,277"
11/5/2021,"2,042,336"
1/6/2023,"2,043,547"
5/6/2023,"2,043,895"
6/11/2021,"2,044,087"
11/18/2021,"2,044,622"
11/4/2023,"2,045,614"
10/11/2022,"2,046,661"
1/1/2023,"2,046,950"
1/11/2019,"2,046,974"
6/17/2021,"2,047,190"
10/31/2019,"2,047,910"
1/5/2019,"2,049,460"
8/9/2022,"2,049,473"
10/19/2019,"2,049,855"
8/17/2022,"2,051,652"
10/21/2021,"2,052,193"
10/14/2021,"2,053,322"
8/12/2021,"2,053,398"
12/10/2021,"2,053,444"
8/2/2022,"2,053,497"
3/3/2022,"2,053,525"
4/13/2022,"2,053,892"
2/25/2023,"2,057,210"
4/22/2023,"2,057,354"
10/26/2022,"2,057,463"
8/13/2022,"2,058,033"
9/26/2023,"2,058,961"
4/13/2019,"2,059,142"
1/13/2020,"2,060,378"
8/26/2023,"2,063,356"
1/19/2020,"2,064,997"
9/23/2023,"2,065,137"
2/18/2023,"2,065,901"
3/1/2023,"2,066,150"
10/30/2019,"2,066,516"
6/7/2022,"2,067,274"
1/24/2019,"2,067,422"
10/7/2021,"2,068,329"
2/20/2022,"2,068,827"
12/30/2021,"2,069,413"
4/18/2023,"2,070,303"
5/26/2019,"2,070,716"
11/11/2021,"2,070,980"
11/20/2019,"2,071,631"
12/5/2021,"2,071,647"
8/13/2021,"2,071,913"
11/13/2019,"2,072,207"
7/12/2022,"2,072,335"
12/31/2019,"2,073,706"
1/27/2020,"2,073,819"
2/13/2023,"2,073,820"
6/28/2021,"2,073,847"
12/26/2021,"2,074,458"
10/12/2019,"2,074,718"
2/26/2020,"2,075,554"
12/17/2019,"2,076,328"
2/4/2019,"2,079,030"
8/5/2021,"2,079,440"
4/4/2023,"2,080,546"
9/3/2023,"2,081,144"
10/2/2019,"2,082,179"
9/19/2021,"2,083,726"
1/27/2019,"2,084,603"
7/4/2022,"2,086,854"
10/10/2021,"2,087,077"
11/22/2021,"2,087,536"
12/11/2019,"2,088,451"
9/6/2022,"2,088,456"
7/4/2019,"2,088,760"
1/20/2023,"2,089,417"
5/9/2023,"2,089,430"
2/27/2019,"2,090,089"
9/2/2023,"2,090,550"
10/11/2021,"2,090,755"
4/9/2019,"2,091,056"
5/18/2019,"2,091,116"
4/8/2023,"2,093,075"
12/27/2021,"2,093,615"
6/24/2021,"2,095,773"
12/23/2022,"2,096,506"
1/26/2023,"2,097,825"
10/3/2022,"2,099,505"
6/18/2021,"2,099,797"
12/20/2021,"2,099,852"
8/29/2022,"2,100,205"
7/12/2021,"2,100,231"
8/22/2023,"2,101,467"
4/30/2019,"2,102,068"
7/8/2021,"2,102,632"
1/9/2020,"2,102,860"
7/3/2022,"2,102,878"
2/3/2023,"2,102,998"
5/29/2022,"2,103,022"
10/3/2021,"2,103,061"
8/2/2021,"2,104,204"
2/25/2022,"2,104,233"
6/13/2021,"2,104,681"
9/26/2021,"2,105,417"
12/22/2021,"2,106,209"
5/7/2019,"2,106,597"
12/12/2021,"2,107,361"
6/20/2021,"2,107,997"
3/19/2022,"2,108,715"
9/5/2019,"2,109,858"
10/19/2022,"2,110,090"
8/10/2022,"2,112,967"
9/13/2023,"2,113,134"
12/1/2022,"2,113,719"
2/12/2023,"2,113,837"
5/13/2023,"2,114,178"
5/31/2022,"2,114,935"
2/21/2023,"2,116,450"
12/31/2023,"2,116,715"
8/6/2021,"2,116,970"
10/15/2021,"2,116,988"
5/18/2022,"2,117,010"
6/1/2019,"2,117,180"
8/3/2022,"2,117,390"
10/22/2021,"2,119,017"
10/12/2022,"2,119,772"
1/7/2019,"2,119,879"
9/8/2022,"2,120,200"
1/27/2023,"2,122,066"
12/4/2019,"2,122,576"
2/3/2020,"2,123,304"
8/15/2021,"2,123,872"
3/12/2019,"2,123,988"
5/25/2019,"2,124,825"
10/22/2019,"2,126,637"
12/13/2023,"2,129,193"
2/19/2020,"2,129,862"
3/8/2023,"2,130,141"
1/25/2019,"2,131,407"
4/11/2023,"2,132,314"
12/2/2022,"2,132,571"
2/11/2019,"2,133,170"
12/5/2022,"2,134,176"
7/26/2021,"2,135,322"
7/6/2022,"2,136,035"
9/3/2021,"2,137,114"
12/16/2021,"2,137,354"
7/29/2021,"2,138,113"
9/27/2023,"2,138,667"
10/24/2023,"2,138,741"
3/4/2022,"2,139,036"
6/14/2022,"2,139,865"
9/30/2023,"2,140,656"
2/7/2019,"2,140,678"
3/28/2022,"2,141,002"
4/4/2022,"2,141,153"
1/22/2023,"2,141,703"
7/19/2022,"2,142,454"
1/10/2020,"2,142,463"
9/30/2022,"2,143,343"
1/29/2023,"2,144,644"
7/9/2022,"2,145,996"
7/26/2022,"2,146,087"
9/18/2019,"2,146,857"
5/2/2022,"2,146,993"
6/25/2021,"2,147,042"
6/28/2022,"2,147,125"
11/6/2019,"2,147,882"
7/19/2021,"2,147,951"
3/6/2019,"2,148,953"
11/12/2019,"2,150,003"
2/27/2022,"2,150,118"
4/15/2023,"2,150,251"
2/17/2019,"2,150,695"
4/3/2019,"2,151,626"
3/26/2019,"2,151,913"
7/1/2021,"2,152,087"
12/28/2022,"2,153,682"
6/11/2022,"2,153,865"
1/30/2020,"2,154,295"
11/7/2021,"2,155,649"
2/1/2019,"2,155,740"
3/9/2019,"2,156,725"
11/1/2023,"2,157,473"
7/9/2021,"2,158,137"
2/9/2023,"2,158,573"
6/21/2022,"2,158,912"
10/21/2023,"2,161,735"
7/15/2021,"2,162,549"
3/2/2020,"2,163,067"
2/10/2020,"2,164,951"
5/25/2022,"2,165,771"
5/3/2023,"2,167,265"
7/5/2021,"2,167,826"
2/6/2020,"2,167,857"
12/12/2022,"2,167,861"
11/7/2022,"2,168,053"
4/12/2023,"2,168,441"
7/2/2022,"2,169,068"
1/23/2020,"2,169,321"
8/23/2023,"2,169,394"
11/28/2023,"2,171,943"
8/17/2019,"2,171,962"
3/30/2019,"2,172,920"
5/16/2023,"2,173,966"
6/8/2022,"2,175,579"
7/22/2021,"2,177,183"
3/21/2022,"2,177,240"
8/6/2022,"2,178,405"
12/29/2022,"2,178,433"
2/19/2019,"2,178,494"
12/27/2022,"2,178,719"
10/8/2021,"2,178,818"
2/10/2019,"2,179,046"
10/24/2021,"2,180,380"
6/27/2021,"2,181,055"
4/26/2023,"2,183,316"
8/8/2021,"2,183,576"
3/6/2022,"2,184,096"
7/5/2019,"2,184,253"
12/19/2021,"2,184,906"
3/10/2022,"2,185,904"
6/18/2022,"2,186,387"
3/13/2019,"2,187,792"
4/11/2022,"2,188,196"
7/13/2022,"2,188,234"
9/25/2019,"2,188,236"
8/28/2019,"2,188,688"
4/25/2022,"2,189,296"
1/12/2023,"2,189,475"
3/8/2020,"2,189,961"
2/18/2020,"2,190,300"
7/23/2022,"2,190,483"
5/14/2019,"2,191,387"
3/19/2019,"2,191,683"
11/23/2019,"2,194,291"
7/16/2022,"2,196,011"
1/1/2020,"2,196,916"
6/22/2022,"2,197,876"
12/23/2021,"2,197,896"
6/25/2022,"2,198,435"
2/16/2020,"2,198,657"
9/6/2019,"2,198,828"
11/24/2023,"2,199,057"
11/21/2022,"2,201,022"
1/1/2019,"2,201,765"
2/5/2023,"2,202,873"
11/10/2022,"2,203,214"
1/26/2020,"2,203,488"
3/22/2023,"2,203,488"
3/14/2022,"2,203,639"
3/5/2020,"2,203,821"
7/2/2021,"2,205,102"
5/27/2023,"2,206,475"
4/3/2022,"2,206,569"
9/20/2023,"2,207,680"
3/25/2023,"2,208,541"
4/16/2019,"2,208,688"
7/5/2022,"2,209,031"
11/8/2023,"2,209,479"
7/30/2021,"2,209,522"
4/5/2023,"2,209,680"
3/29/2023,"2,210,676"
7/30/2022,"2,211,091"
7/11/2021,"2,211,451"
1/3/2023,"2,212,528"
5/20/2023,"2,213,613"
10/17/2023,"2,213,819"
10/4/2023,"2,213,969"
2/8/2019,"2,214,249"
4/17/2022,"2,214,376"
11/19/2022,"2,214,717"
10/9/2019,"2,215,233"
1/24/2020,"2,215,449"
11/14/2021,"2,215,702"
7/16/2021,"2,216,363"
12/20/2022,"2,216,373"
11/21/2021,"2,216,940"
1/17/2019,"2,217,324"
11/23/2021,"2,217,635"
12/26/2022,"2,218,145"
11/27/2021,"2,219,149"
3/31/2022,"2,219,675"
12/8/2022,"2,220,053"
10/17/2021,"2,220,642"
6/3/2023,"2,221,890"
2/21/2022,"2,222,002"
9/9/2022,"2,224,222"
11/15/2023,"2,224,646"
2/9/2020,"2,224,826"
6/8/2019,"2,225,952"
10/14/2023,"2,226,278"
7/20/2022,"2,226,450"
1/8/2023,"2,226,917"
4/7/2022,"2,227,151"
4/19/2023,"2,227,164"
3/23/2019,"2,227,181"
9/19/2022,"2,227,301"
4/23/2019,"2,227,475"
6/2/2022,"2,228,271"
4/10/2019,"2,229,276"
1/31/2020,"2,229,563"
11/14/2022,"2,229,804"
9/26/2022,"2,229,901"
1/4/2019,"2,230,078"
9/12/2022,"2,230,866"
3/17/2022,"2,231,375"
7/23/2021,"2,232,628"
10/7/2023,"2,232,660"
6/6/2023,"2,233,160"
12/17/2022,"2,233,861"
2/27/2023,"2,235,417"
12/17/2021,"2,235,581"
6/29/2022,"2,237,932"
7/27/2022,"2,238,047"
6/15/2022,"2,238,873"
11/29/2021,"2,240,556"
5/5/2022,"2,240,816"
2/25/2019,"2,240,859"
10/30/2022,"2,241,429"
9/5/2023,"2,243,518"
2/18/2022,"2,244,042"
1/4/2020,"2,244,162"
5/9/2022,"2,244,645"
1/16/2023,"2,244,873"
10/23/2019,"2,245,199"
7/7/2022,"2,245,980"
7/25/2021,"2,247,129"
6/4/2019,"2,247,421"
8/20/2019,"2,247,446"
11/19/2021,"2,248,096"
7/18/2021,"2,248,801"
8/1/2021,"2,248,894"
10/25/2023,"2,251,047"
8/19/2023,"2,252,655"
12/16/2023,"2,252,933"
11/3/2022,"2,253,501"
1/12/2020,"2,253,585"
4/1/2023,"2,253,892"
11/25/2019,"2,254,188"
4/24/2019,"2,254,209"
1/21/2019,"2,254,626"
2/10/2023,"2,254,803"
3/24/2022,"2,255,090"
5/8/2022,"2,255,547"
5/1/2019,"2,256,442"
5/28/2023,"2,257,797"
3/4/2019,"2,258,980"
5/31/2023,"2,259,502"
8/22/2022,"2,260,555"
12/4/2022,"2,261,227"
5/10/2023,"2,261,499"
8/25/2022,"2,263,665"
12/19/2022,"2,264,761"
3/6/2023,"2,265,014"
8/15/2023,"2,266,285"
12/4/2023,"2,266,792"
4/28/2022,"2,267,171"
2/24/2020,"2,267,382"
5/29/2019,"2,269,035"
5/8/2019,"2,270,662"
2/7/2020,"2,271,551"
5/23/2023,"2,272,281"
11/4/2022,"2,272,855"
3/27/2019,"2,273,811"
3/6/2020,"2,274,787"
2/24/2019,"2,274,850"
3/16/2019,"2,275,192"
8/15/2022,"2,276,507"
11/30/2023,"2,276,703"
9/2/2019,"2,278,159"
3/18/2023,"2,278,805"
5/1/2022,"2,279,287"
3/11/2023,"2,279,320"
1/3/2019,"2,279,384"
10/2/2022,"2,279,898"
12/3/2019,"2,280,403"
1/6/2020,"2,280,882"
5/16/2022,"2,282,944"
9/7/2023,"2,283,466"
3/15/2023,"2,284,299"
8/26/2022,"2,284,831"
6/6/2022,"2,286,429"
4/29/2022,"2,286,852"
4/1/2022,"2,287,653"
4/21/2022,"2,288,508"
7/3/2023,"2,288,645"
7/8/2022,"2,288,984"
8/10/2019,"2,290,340"
12/19/2023,"2,291,458"
5/6/2022,"2,292,080"
4/18/2022,"2,292,729"
10/30/2023,"2,292,796"
9/9/2019,"2,292,985"
3/13/2022,"2,293,374"
12/11/2022,"2,293,624"
10/10/2023,"2,293,858"
10/17/2022,"2,294,755"
12/9/2022,"2,295,917"
12/9/2019,"2,296,732"
12/15/2022,"2,298,485"
4/24/2022,"2,298,561"
11/18/2019,"2,298,856"
8/16/2023,"2,298,936"
3/11/2022,"2,299,583"
1/6/2019,"2,299,648"
4/10/2022,"2,300,909"
3/3/2019,"2,302,852"
12/18/2019,"2,304,407"
3/25/2022,"2,304,825"
2/14/2019,"2,306,090"
8/13/2019,"2,306,829"
8/21/2019,"2,306,838"
12/1/2023,"2,308,362"
11/11/2022,"2,309,163"
4/22/2022,"2,309,474"
10/27/2022,"2,310,460"
7/13/2019,"2,312,178"
10/28/2022,"2,312,356"
5/21/2019,"2,312,727"
5/17/2023,"2,312,740"
1/16/2020,"2,312,979"
3/27/2022,"2,313,481"
12/11/2023,"2,313,610"
10/15/2019,"2,313,632"
4/15/2022,"2,315,430"
1/13/2023,"2,316,713"
3/2/2023,"2,316,735"
4/17/2019,"2,317,381"
10/16/2019,"2,317,763"
7/11/2022,"2,318,551"
6/15/2019,"2,318,946"
2/19/2023,"2,319,072"
5/30/2022,"2,319,237"
8/28/2022,"2,319,869"
3/18/2022,"2,319,876"
11/1/2019,"2,319,906"
12/16/2019,"2,320,721"
3/20/2019,"2,320,885"
11/24/2019,"2,321,546"
12/3/2023,"2,321,965"
6/10/2023,"2,322,170"
2/23/2023,"2,322,309"
10/24/2022,"2,322,585"
8/12/2023,"2,322,724"
9/1/2022,"2,324,033"
11/17/2022,"2,326,100"
4/8/2022,"2,327,849"
10/10/2022,"2,330,624"
11/24/2021,"2,331,880"
12/5/2019,"2,333,173"
10/18/2023,"2,333,408"
8/18/2022,"2,335,005"
9/22/2022,"2,335,489"
11/26/2022,"2,336,633"
5/12/2022,"2,337,876"
5/23/2022,"2,339,945"
2/16/2023,"2,339,970"
8/11/2022,"2,340,082"
8/8/2022,"2,340,305"
9/11/2022,"2,340,559"
6/13/2023,"2,343,000"
5/15/2019,"2,343,675"
7/6/2019,"2,345,846"
10/28/2019,"2,347,017"
6/3/2022,"2,347,283"
7/2/2019,"2,347,767"
8/21/2022,"2,348,153"
12/6/2019,"2,348,822"
5/30/2023,"2,349,003"
9/18/2022,"2,349,493"
8/28/2023,"2,349,783"
1/18/2019,"2,350,565"
3/1/2020,"2,353,150"
2/21/2019,"2,353,953"
4/14/2022,"2,354,474"
6/7/2023,"2,355,913"
5/20/2022,"2,356,404"
4/21/2019,"2,356,802"
12/18/2022,"2,357,086"
9/15/2022,"2,357,970"
8/26/2019,"2,358,007"
5/13/2022,"2,358,444"
2/20/2020,"2,358,511"
7/25/2023,"2,358,536"
8/19/2022,"2,358,565"
12/8/2019,"2,359,385"
4/1/2019,"2,360,053"
8/14/2022,"2,360,307"
8/4/2022,"2,360,671"
8/12/2022,"2,361,142"
9/25/2022,"2,362,292"
7/18/2022,"2,363,728"
5/22/2022,"2,364,240"
2/27/2020,"2,364,727"
11/14/2019,"2,364,920"
7/27/2019,"2,364,925"
12/18/2023,"2,366,275"
12/22/2022,"2,366,608"
5/19/2022,"2,366,865"
1/20/2020,"2,367,538"
12/15/2019,"2,367,915"
8/3/2019,"2,367,967"
1/2/2023,"2,368,194"
9/30/2019,"2,368,818"
6/29/2019,"2,368,846"
9/8/2019,"2,370,003"
6/5/2019,"2,370,152"
11/22/2022,"2,370,351"
8/1/2023,"2,370,591"
10/11/2023,"2,372,544"
8/1/2022,"2,373,400"
6/27/2022,"2,374,892"
9/16/2022,"2,375,510"
10/21/2022,"2,375,559"
3/3/2023,"2,375,579"
10/6/2022,"2,376,101"
6/22/2019,"2,378,559"
3/20/2022,"2,379,182"
11/18/2023,"2,379,699"
2/23/2020,"2,380,359"
3/11/2019,"2,380,467"
2/28/2019,"2,381,453"
1/3/2020,"2,381,987"
7/11/2023,"2,382,030"
12/30/2022,"2,383,422"
3/27/2023,"2,383,816"
4/8/2019,"2,384,091"
11/20/2022,"2,385,400"
12/7/2023,"2,385,629"
7/25/2022,"2,386,005"
8/6/2019,"2,387,115"
6/16/2022,"2,387,496"
4/9/2023,"2,387,558"
8/8/2023,"2,387,917"
6/13/2022,"2,389,152"
11/28/2022,"2,389,672"
6/27/2023,"2,391,503"
8/14/2019,"2,391,906"
3/13/2023,"2,393,346"
6/5/2022,"2,396,442"
7/20/2019,"2,396,462"
6/9/2022,"2,396,538"
11/17/2019,"2,396,681"
11/6/2022,"2,396,744"
5/27/2022,"2,397,928"
6/19/2022,"2,398,687"
5/26/2022,"2,399,579"
5/15/2022,"2,399,801"
10/7/2019,"2,400,153"
9/11/2023,"2,402,206"
7/14/2022,"2,402,480"
2/26/2023,"2,402,716"
11/4/2019,"2,403,304"
8/5/2023,"2,403,611"
3/7/2019,"2,404,944"
4/3/2023,"2,404,966"
9/16/2019,"2,405,832"
9/8/2023,"2,405,867"
9/23/2022,"2,405,872"
8/5/2022,"2,406,372"
8/9/2023,"2,407,319"
9/5/2022,"2,409,938"
7/18/2023,"2,410,972"
11/13/2022,"2,411,406"
4/4/2019,"2,411,500"
10/14/2022,"2,412,403"
4/29/2019,"2,412,770"
10/13/2022,"2,413,700"
7/28/2022,"2,414,062"
3/20/2023,"2,414,648"
2/13/2020,"2,415,185"
11/2/2023,"2,415,581"
10/23/2022,"2,416,107"
2/22/2019,"2,416,293"
3/9/2023,"2,417,279"
1/17/2020,"2,418,305"
5/12/2019,"2,419,114"
12/10/2023,"2,419,762"
3/5/2023,"2,422,425"
1/2/2019,"2,424,225"
2/24/2023,"2,425,335"
10/9/2022,"2,425,613"
11/10/2019,"2,425,615"
4/24/2023,"2,425,693"
11/21/2019,"2,428,095"
12/21/2022,"2,428,528"
10/20/2022,"2,429,402"
2/21/2020,"2,429,489"
8/7/2019,"2,430,094"
12/8/2023,"2,431,077"
7/8/2023,"2,431,155"
3/1/2019,"2,431,311"
9/23/2019,"2,431,388"
8/2/2023,"2,431,864"
6/20/2022,"2,431,925"
5/1/2023,"2,432,660"
12/12/2019,"2,433,028"
6/11/2019,"2,433,189"
3/25/2019,"2,434,370"
11/26/2019,"2,435,170"
5/24/2023,"2,435,811"
6/17/2023,"2,436,004"
11/15/2019,"2,437,211"
8/7/2022,"2,438,788"
7/30/2019,"2,438,967"
7/21/2022,"2,440,027"
2/28/2020,"2,441,643"
4/13/2023,"2,443,213"
6/10/2022,"2,443,671"
7/10/2022,"2,443,836"
2/15/2019,"2,444,760"
4/14/2019,"2,446,801"
7/16/2019,"2,447,177"
10/3/2019,"2,447,687"
9/12/2019,"2,449,302"
6/20/2023,"2,449,389"
7/15/2022,"2,449,536"
3/23/2023,"2,451,051"
9/29/2019,"2,452,596"
12/16/2022,"2,453,178"
7/17/2022,"2,453,236"
5/28/2019,"2,453,649"
6/23/2022,"2,453,936"
6/17/2022,"2,454,485"
4/17/2023,"2,455,406"
9/19/2019,"2,455,410"
7/1/2019,"2,455,536"
6/30/2022,"2,455,588"
6/24/2023,"2,456,148"
6/12/2022,"2,456,971"
4/19/2019,"2,457,133"
7/29/2023,"2,457,943"
11/18/2022,"2,458,089"
11/28/2021,"2,458,325"
7/12/2023,"2,458,378"
12/13/2019,"2,459,107"
11/3/2019,"2,459,525"
1/2/2020,"2,461,726"
4/7/2019,"2,462,929"
7/29/2022,"2,464,079"
7/22/2022,"2,464,194"
11/23/2022,"2,465,337"
11/11/2019,"2,465,392"
6/14/2023,"2,465,528"
6/18/2019,"2,466,574"
3/18/2019,"2,466,739"
6/26/2022,"2,469,720"
5/6/2019,"2,470,969"
6/24/2022,"2,471,808"
5/22/2019,"2,472,123"
10/2/2023,"2,473,560"
10/7/2022,"2,473,989"
10/16/2022,"2,475,395"
4/7/2023,"2,475,896"
5/8/2023,"2,476,280"
4/5/2019,"2,476,884"
2/18/2019,"2,477,521"
6/1/2023,"2,477,726"
10/27/2019,"2,478,287"
2/20/2023,"2,479,184"
9/2/2022,"2,479,578"
3/16/2023,"2,483,683"
9/13/2019,"2,484,025"
4/15/2019,"2,484,580"
9/15/2019,"2,485,134"
7/22/2023,"2,485,646"
5/30/2019,"2,485,770"
7/15/2023,"2,486,503"
3/10/2019,"2,486,948"
7/31/2022,"2,486,969"
3/30/2023,"2,487,147"
3/28/2019,"2,487,162"
4/11/2019,"2,487,398"
8/21/2023,"2,487,458"
11/6/2023,"2,491,545"
1/5/2020,"2,491,894"
7/5/2023,"2,492,923"
8/25/2019,"2,493,162"
7/24/2022,"2,494,885"
2/17/2020,"2,494,922"
9/18/2023,"2,495,564"
12/17/2023,"2,495,579"
6/3/2019,"2,499,002"
7/23/2019,"2,499,460"
5/2/2019,"2,499,461"
7/1/2022,"2,501,366"
8/24/2023,"2,501,995"
6/21/2023,"2,502,239"
11/3/2023,"2,502,391"
12/14/2023,"2,502,604"
3/14/2019,"2,505,399"
6/25/2019,"2,506,510"
4/28/2019,"2,506,809"
7/9/2019,"2,506,859"
4/28/2023,"2,507,149"
11/7/2019,"2,507,365"
2/14/2020,"2,507,588"
3/24/2023,"2,508,221"
5/5/2023,"2,508,503"
6/12/2019,"2,509,058"
5/4/2023,"2,509,080"
5/14/2023,"2,509,333"
8/25/2023,"2,509,342"
2/17/2023,"2,509,923"
7/26/2023,"2,510,210"
3/31/2019,"2,510,294"
9/26/2019,"2,510,926"
5/27/2019,"2,512,237"
5/13/2019,"2,512,315"
5/5/2019,"2,512,598"
3/21/2019,"2,513,231"
12/20/2023,"2,514,171"
10/21/2019,"2,514,673"
7/10/2019,"2,515,902"
3/17/2023,"2,517,226"
4/30/2023,"2,517,228"
7/19/2023,"2,519,328"
10/29/2023,"2,520,086"
4/26/2019,"2,521,897"
4/27/2023,"2,522,454"
7/17/2019,"2,522,563"
3/26/2023,"2,522,600"
4/10/2023,"2,523,060"
9/22/2019,"2,524,397"
10/4/2019,"2,526,835"
4/25/2019,"2,526,961"
7/2/2023,"2,529,730"
11/20/2023,"2,532,525"
4/6/2023,"2,532,778"
4/14/2023,"2,532,863"
8/22/2019,"2,533,184"
11/13/2023,"2,533,300"
4/20/2023,"2,534,751"
6/2/2023,"2,534,892"
8/20/2023,"2,535,369"
3/31/2023,"2,536,088"
8/27/2023,"2,538,318"
3/29/2019,"2,538,384"
3/12/2023,"2,539,093"
6/28/2023,"2,539,399"
7/6/2023,"2,540,237"
12/28/2019,"2,540,383"
10/24/2019,"2,541,581"
10/6/2019,"2,542,118"
7/31/2019,"2,542,365"
3/24/2019,"2,542,643"
9/25/2023,"2,543,611"
12/19/2019,"2,544,637"
3/8/2019,"2,544,987"
4/2/2023,"2,545,494"
5/3/2019,"2,546,029"
3/17/2019,"2,546,404"
9/27/2019,"2,547,611"
7/3/2019,"2,547,889"
8/14/2023,"2,548,291"
11/16/2023,"2,550,045"
11/22/2019,"2,550,459"
6/19/2019,"2,552,395"
7/7/2023,"2,555,001"
10/13/2019,"2,555,333"
5/9/2019,"2,555,342"
6/2/2019,"2,555,578"
12/21/2019,"2,557,988"
8/23/2019,"2,559,244"
3/22/2019,"2,559,307"
6/5/2023,"2,560,508"
8/29/2019,"2,561,109"
7/24/2019,"2,561,911"
12/23/2019,"2,562,555"
3/10/2023,"2,562,561"
12/30/2023,"2,563,962"
8/12/2019,"2,567,986"
4/23/2023,"2,570,184"
5/31/2019,"2,570,613"
9/20/2019,"2,571,924"
12/30/2019,"2,572,305"
8/19/2019,"2,576,965"
10/17/2019,"2,581,007"
9/15/2023,"2,583,450"
9/10/2023,"2,584,116"
8/18/2019,"2,584,444"
4/21/2023,"2,585,925"
7/1/2023,"2,588,334"
12/22/2019,"2,589,688"
4/16/2023,"2,589,787"
5/7/2023,"2,590,391"
4/12/2019,"2,590,499"
12/2/2019,"2,591,470"
11/10/2023,"2,591,818"
5/22/2023,"2,592,466"
4/22/2019,"2,594,171"
10/25/2019,"2,594,337"
6/26/2019,"2,594,661"
9/14/2023,"2,594,681"
5/29/2023,"2,596,978"
5/15/2023,"2,597,124"
5/11/2023,"2,598,784"
8/17/2023,"2,599,098"
8/18/2023,"2,601,291"
8/7/2023,"2,602,015"
8/15/2019,"2,602,446"
5/10/2019,"2,602,631"
9/29/2023,"2,602,713"
10/10/2019,"2,605,291"
11/25/2023,"2,605,387"
5/12/2023,"2,605,959"
10/20/2019,"2,606,266"
12/23/2023,"2,606,577"
10/23/2023,"2,607,835"
7/11/2019,"2,608,209"
3/19/2023,"2,608,462"
11/19/2023,"2,608,680"
5/16/2019,"2,611,324"
7/29/2019,"2,613,346"
7/15/2019,"2,615,115"
10/27/2023,"2,615,422"
5/20/2019,"2,615,691"
4/18/2019,"2,616,158"
9/28/2023,"2,616,213"
10/14/2019,"2,616,771"
11/8/2019,"2,617,031"
8/5/2019,"2,619,406"
8/31/2023,"2,619,753"
5/19/2019,"2,620,276"
12/15/2023,"2,622,770"
12/26/2019,"2,623,113"
6/6/2019,"2,623,947"
11/27/2019,"2,624,250"
8/16/2019,"2,627,564"
10/16/2023,"2,627,942"
10/26/2023,"2,630,523"
6/30/2019,"2,632,030"
11/27/2023,"2,633,263"
12/28/2023,"2,633,264"
3/15/2019,"2,634,942"
7/22/2019,"2,635,312"
6/12/2023,"2,636,399"
12/29/2023,"2,636,605"
10/18/2019,"2,637,667"
11/27/2022,"2,639,616"
6/18/2023,"2,640,349"
5/18/2023,"2,641,296"
6/8/2023,"2,641,522"
6/16/2019,"2,642,083"
7/9/2023,"2,644,639"
6/10/2019,"2,644,981"
9/4/2023,"2,645,012"
12/29/2019,"2,647,034"
11/21/2023,"2,647,461"
8/11/2019,"2,647,897"
11/30/2019,"2,648,268"
8/11/2023,"2,648,556"
9/17/2023,"2,648,872"
6/7/2019,"2,649,808"
12/21/2023,"2,650,811"
9/21/2023,"2,651,017"
12/27/2019,"2,654,247"
8/10/2023,"2,654,716"
5/19/2023,"2,656,058"
6/4/2023,"2,657,217"
8/30/2019,"2,658,558"
11/9/2023,"2,658,959"
12/27/2023,"2,663,517"
5/17/2019,"2,664,549"
12/26/2023,"2,665,034"
11/5/2023,"2,669,284"
7/14/2019,"2,669,717"
6/9/2019,"2,669,860"
8/3/2023,"2,671,674"
10/20/2023,"2,672,262"
5/25/2023,"2,672,648"
9/24/2023,"2,673,136"
10/13/2023,"2,673,246"
5/21/2023,"2,673,457"
5/23/2019,"2,673,635"
6/9/2023,"2,675,115"
6/13/2019,"2,675,686"
10/9/2023,"2,681,432"
12/20/2019,"2,681,695"
10/1/2023,"2,682,443"
11/12/2023,"2,683,745"
9/22/2023,"2,684,773"
8/13/2023,"2,684,914"
6/26/2023,"2,687,481"
10/11/2019,"2,688,032"
7/10/2023,"2,688,266"
8/4/2019,"2,688,640"
10/8/2023,"2,690,153"
8/4/2023,"2,690,858"
11/17/2023,"2,692,471"
10/19/2023,"2,695,224"
7/24/2023,"2,695,657"
10/5/2023,"2,697,601"
7/31/2023,"2,697,794"
6/17/2019,"2,699,580"
7/28/2019,"2,700,723"
7/25/2019,"2,705,399"
8/8/2019,"2,707,986"
6/27/2019,"2,711,222"
6/24/2019,"2,716,428"
7/12/2019,"2,716,812"
7/18/2019,"2,716,828"
10/12/2023,"2,717,399"
6/23/2019,"2,719,643"
7/27/2023,"2,724,438"
8/9/2019,"2,725,000"
7/13/2023,"2,726,021"
7/21/2019,"2,727,355"
6/14/2019,"2,727,860"
6/20/2019,"2,728,786"
6/28/2019,"2,730,515"
8/2/2019,"2,730,936"
6/11/2023,"2,732,330"
7/26/2019,"2,732,770"
6/22/2023,"2,737,829"
7/14/2023,"2,738,461"
11/22/2023,"2,741,610"
7/16/2023,"2,741,762"
6/19/2023,"2,742,546"
8/1/2019,"2,742,882"
9/1/2023,"2,742,962"
8/6/2023,"2,743,779"
5/26/2023,"2,744,596"
6/15/2023,"2,745,743"
7/17/2023,"2,747,357"
7/8/2019,"2,748,718"
7/20/2023,"2,754,386"
6/29/2023,"2,759,141"
10/6/2023,"2,762,717"
6/25/2023,"2,769,270"
10/22/2023,"2,770,224"
6/23/2023,"2,771,672"
6/21/2019,"2,772,903"
12/22/2023,"2,775,193"
7/19/2019,"2,776,960"
7/21/2023,"2,782,146"
6/16/2023,"2,785,332"
7/28/2023,"2,787,676"
5/24/2019,"2,792,670"
7/7/2019,"2,795,369"
10/15/2023,"2,797,326"
7/23/2023,"2,800,368"
7/30/2023,"2,815,068"
12/1/2019,"2,882,915"
6/30/2023,"2,884,783"
11/26/2023,"2,908,785"
